# generated from bundled Rime Ice base/ext; minimum weight=100000
agenting	阿根廷	105480
aide	爱的	377035
aiguo	爱国	146835
aihao	爱好	253780
aihaozhe	爱好者	327435
aihu	爱护	125590
aiji	埃及	150005
ailixin	爱立信	102250
aini	爱你	242175
aiqing	爱情	500643
airen	爱人	169685
aishang	爱上	126345
aiwo	爱我	121385
aixin	爱心	336925
aizheng	癌症	157890
aizibing	艾滋病	290755
alibaba	阿里巴巴	117400
anding	安定	116400
anggui	昂贵	121330
anguiding	按规定	231665
anhui	安徽	500270
anhuisheng	安徽省	328510
anjian	按键	198530
anjian	案件	100412
anjing	安静	259500
anjisuan	氨基酸	102150
anli	案例	500301
anmo	按摩	305425
anniu	按钮	500353
anpai	安排	500805
anquan	安全	501438
anquande	安全的	498160
anquanguanli	安全管理	177265
anquanshengchan	安全生产	486125
anquanxing	安全性	373115
anshi	按时	186790
anshi	暗示	169535
anwei	安慰	197660
anxia	按下	178915
anxin	安心	124355
anzhao	按照	501718
anzhaoguiding	按照规定	179095
anzhi	安置	322865
anzhu	按住	125455
anzhuang	安装	500949
anzhuangle	安装了	116910
aodaliya	澳大利亚	365040
aodi	奥迪	326960
aomen	澳门	301285
aoyun	奥运	290870
aoyunhui	奥运会	224295
aozhou	澳洲	147120
ayi	阿姨	143215
baba	爸爸	487875
badao	霸道	256877
bage	八个	118975
bagua	八卦	128015
baidu	百度	362830
baifang	摆放	138665
baifang	拜访	102690
baifendian	百分点	283165
baihe	百合	130315
baihuo	百货	130115
baijiu	白酒	160845
bailing	白领	160480
bainian	百年	227785
baise	白色	500314
baitang	白糖	148447
baitian	白天	288680
baiwan	百万	177150
baixing	百姓	345175
baiyun	白云	163570
baizai	摆在	151280
bale	罢了	195035
bali	巴黎	217050
baliao	罢了	195035
banan	办案	108405
banben	版本	500542
banbu	颁布	242140
bancai	板材	116530
bandaoti	半导体	152925
bande	办的	108405
banfa	办法	501033
banfa	颁发	417410
bangdi	邦迪	459370
bangding	绑定	137390
bange	半个	126535
bangmang	帮忙	307185
bangni	帮你	230745
bangong	办公	498130
bangonglou	办公楼	107705
bangongshi	办公室	500725
bangongting	办公厅	123520
bangwo	帮我	235465
bangyang	榜样	112525
bangzhu	帮助	501110
banhao	办好	114150
bani	把你	275205
banian	八年	116185
banji	班级	309480
banjia	搬家	100680
bankuai	板块	295085
bankuai	版块	234205
banli	办理	501061
banlv	伴侣	161015
banmian	版面	255710
bannian	半年	422295
banqian	搬迁	190545
banquan	版权	13204281
banquangui	版权归	336260
banquansuoyou	版权所有	500484
banshi	办事	328255
banshichu	办事处	285155
bansui	伴随	113365
bansuizhe	伴随着	159400
bantian	半天	254400
banwan	搬完	250900
banwanjia	搬完家	120500
banwanle	搬完了	200900
banxiaoshi	半小时	103420
banxue	办学	306445
banyan	扮演	180760
banye	半夜	104815
banyou	伴有	100525
banzhang	班长	116995
banzhu	版主	501354
banzhu	斑竹	297535
banzhuren	班主任	255415
banzi	班子	199395
baoan	保安	214145
baobao	宝宝	500318
baochi	保持	500960
baochile	保持了	113200
baochizai	保持在	108665
baochizhe	保持着	130055
baocun	保存	500515
baodao	报道	500534
baodao	报到	188080
baofa	爆发	176920
baofei	报废	104975
baofu	报复	110120
baogao	报告	611089
baoguan	保管	227795
baoguan	报关	114485
baoguang	曝光	167850
baogui	宝贵	189615
baoguo	包裹	179650
baohan	包含	500383
baohanle	包含了	128745
baohu	保护	501254
baohuqu	保护区	103595
baojia	报价	500384
baojian	保健	358285
baojianpin	保健品	172310
baojing	报警	316180
baokan	报刊	238950
baokao	报考	462645
baokuo	包括	502382
baokuole	包括了	106035
baoli	暴力	235705
baoliu	保留	500457
baolu	暴露	139575
baoma	宝马	170065
baoman	饱满	105995
baomi	保密	500467
baoming	报名	500552
baomu	保姆	126600
baoquan	保全	200757
baoshe	报社	116810
baoshi	宝石	189290
baoshi	保湿	143590
baoshou	保守	177010
baosong	报送	296305
baowen	保温	142510
baoxian	保险	500420
baoxianfei	保险费	186070
baoxiangongsi	保险公司	696568
baoxiao	报销	111085
baoxiu	保修	218635
baoyang	保养	283280
baoyuan	抱怨	200110
baozha	爆炸	178595
baozhang	保障	500588
baozhe	抱着	273020
baozheng	保证	501232
baozhengjin	保证金	175590
baozhengzeren	保证责任	137965
baozhi	报纸	454855
baozhuang	包装	500554
baozi	包子	288537
bashou	把手	124110
bata	把他	319110
bawo	把我	376965
baxi	巴西	220400
bayue	八月	137350
bazhe	把这	164745
bazhege	把这个	105570
baziji	把自己	366130
beiai	悲哀	141385
beian	备案	500411
beibao	背包	123715
beibaoxianren	被保险人	194820
beichengwei	被称为	225360
beidong	被动	235510
beifang	北方	328535
beigao	被告	357650
beigaoren	被告人	141205
beihai	北海	146560
beihou	背后	443255
beijing	北京	1119506
beijing	背景	500302
beijingdaxue	北京大学	211845
beijingde	北京的	197440
beijingshi	北京市	500682
beijingshijian	北京时间	162360
beijingxia	背景下	140525
beilu	北路	247625
beimei	北美	136890
beimian	背面	119290
beipingwei	被评为	217870
beipo	被迫	163890
beiren	被人	333010
beirenwei	被认为	118530
beishang	悲伤	133105
beishang	背上	101500
beishu	倍数	102170
beiwo	被我	121055
beiyong	备用	120240
beiyuwei	被誉为	123960
beizhe	背着	102485
beizhu	备注	500275
benan	本案	172305
benbao	本报	300280
benbaojizhe	本报记者	163050
benbaoxun	本报讯	202010
benbu	本部	103460
benchanpin	本产品	140800
benchi	奔驰	159175
benci	本次	500385
bendanwei	本单位	228910
bendi	本地	500294
bendian	本店	125340
bendiqu	本地区	171520
benfa	本法	500259
bengkui	崩溃	115390
bengongsi	本公司	500508
benguiding	本规定	288665
benguo	本国	119465
benhang	本行	109735
benhetong	本合同	196060
benjie	本届	205360
benke	本科	500410
benkesheng	本科生	129245
benlaijiu	本来就	120770
benlei	本类	182425
benling	本领	129505
benluntan	本论坛	500274
benneng	本能	123955
benpian	本片	104255
benpin	本品	217935
benqi	本期	211950
benqiye	本企业	100425
benren	本人	500653
benri	本日	161495
benruanjian	本软件	131150
benshen	本身	500558
benshu	本书	500293
benteng	奔腾	132955
bentian	本田	117940
bentiao	本条	124200
bentiaoli	本条例	394770
bentie	本帖	500633
bentu	本土	236065
benwangzhan	本网站	500304
benwen	本文	500622
benxiao	本校	111630
benxing	本性	104955
benxitong	本系统	117175
benyue	本月	365980
benzhan	本站	502239
benzhang	本章	161385
benzhansuoyou	本站所有	162450
benzhanyuanchuang	本站原创	220110
benzhi	本质	337685
benzhou	本周	348840
benzhuanye	本专业	154260
bianbu	遍布	109005
biancheng	变成	500403
biancheng	编程	326945
bianchengle	变成了	367945
biande	变得	500413
biande	变的	159740
biandong	变动	343195
biange	变革	283105
biangeng	变更	500350
biangengdengji	变更登记	106910
bianhao	编号	500911
bianhu	辩护	264762
bianhua	变化	501050
bianhuan	变换	162335
bianhui	便会	169690
bianji	编辑	501054
bianjiao	变焦	183040
bianjibu	编辑部	111545
bianjie	便捷	204215
bianjie	边界	155220
bianjing	边境	100210
bianjiqi	编辑器	144305
bianke	便可	227155
bianli	便利	283660
bianliang	变量	246550
bianma	编码	326805
bianqian	变迁	103955
bianshang	边上	108745
bianshi	便是	424845
biantai	变态	117005
bianwei	变为	205045
bianxie	编写	432150
bianxing	变形	226950
bianyaqi	变压器	136825
bianyi	编译	151535
bianyiqi	编译器	134456
bianyu	便于	321065
bianyuan	边缘	286600
bianzhi	编制	500354
biaoda	表达	500302
biaodade	表达的	103935
biaodale	表达了	106035
biaodan	表单	299600
biaoge	表格	383070
biaoji	标记	295535
biaojue	表决	107075
biaomian	表面	500354
biaoming	表明	500405
biaoming	标明	156930
biaoqian	标签	500462
biaoqing	表情	500315
biaoshi	表示	501400
biaoshu	表述	186745
biaoti	标题	501300
biaoxian	表现	500759
biaoxianchu	表现出	275230
biaoxiande	表现的	125335
biaoxianwei	表现为	191490
biaoxianzai	表现在	162240
biaoyan	表演	500314
biaoyang	表扬	135675
biaozhang	表彰	238130
biaozhi	标志	500411
biaozhizhe	标志着	170605
biaozhu	标注	577717
biaozhun	标准	502189
biaozhunhe	标准和	223560
biaozhunhua	标准化	352945
bibei	必备	187445
bibukeshao	必不可少	115735
bici	彼此	340690
biding	必定	121610
biede	别的	500268
bieren	别人	500906
bieshu	别墅	317110
biji	笔记	164510
bijiang	必将	217955
bijiao	比较	501534
bijiaohao	比较好	107735
bijiben	笔记本	454380
bijibendiannao	笔记本电脑	219795
bijing	毕竟	500286
bijingshi	毕竟是	103055
bikai	避开	143375
bili	比例	500647
bilv	比率	129715
bimian	避免	500470
bimianle	避免了	105720
bingan	并按	146495
bingba	并把	123630
bingbao	并报	100650
bingbian	病变	145490
bingbu	并不	500777
bingbudaibiao	并不代表	138725
bingbuneng	并不能	148775
bingbushi	并不是	500370
bingcheng	秉承	135310
bingchu	并处	285845
bingdu	病毒	500433
bingdui	并对	355855
bingfa	并发	116240
bingfei	并非	500265
binggenju	并根据	115600
binggou	并购	214805
bingjiang	并将	447445
bingjin	并进	182105
bingjing	并经	124200
bingjishi	并及时	104085
bingke	并可	228200
bingleng	冰冷	120830
bingli	病例	144635
bingmei	并没	127260
bingmeiyou	并没有	500423
bingneng	并能	181505
bingqie	并且	500997
bingqiezai	并且在	119745
bingqing	病情	226530
bingqude	并取得	114375
bingren	病人	500366
bingrende	病人的	109555
bingshi	并使	135460
bingti	并提	113995
bingtongguo	并通过	198555
binguan	宾馆	500301
bingwei	并未	263970
bingwei	并为	164005
bingwu	并无	177890
bingxiang	冰箱	214190
bingxiang	并向	201975
bingxue	冰雪	126130
bingyi	并以	204955
bingyin	病因	100200
bingyong	并用	130455
bingyou	并有	248045
bingyou	并由	166810
bingyu	并与	211610
bingyu	并于	163355
bingzai	并在	500396
bingzhong	并重	101515
bingzuo	并作	100220
biqi	比起	154325
biqunian	比去年	105380
biran	必然	474755
biru	比如	500817
birushuo	比如说	197440
bisai	比赛	500668
bishangnian	比上年	248970
bishi	笔试	195995
biwo	比我	192835
bixia	陛下	104020
bixu	必须	502404
bixu	必需	117555
bixuyou	必须有	150465
biyadi	比亚迪	147538
biyao	必要	368375
biyaode	必要的	500278
biyaoshi	必要时	170660
biyaoxing	必要性	100140
biye	毕业	500344
biyehou	毕业后	200000
biyesheng	毕业生	500362
biyeyu	毕业于	177955
biyu	比喻	115900
bizhe	笔者	500324
bizhi	壁纸	138495
bizhong	比重	373425
bizi	鼻子	178415
bochu	播出	187760
boda	拨打	253600
bodong	波动	241775
bofang	播放	500405
bofangqi	播放器	329490
boke	博客	500448
bolanhui	博览会	216305
boli	玻璃	500305
boruo	薄弱	115545
boshi	博士	500316
boshihou	博士后	106840
boshixuewei	博士学位	113305
bowuguan	博物馆	344050
bozhong	播种	104120
bozi	脖子	146535
buai	不爱	106595
buan	不安	163325
bubaokuo	不包括	145380
bubei	不被	146295
bubi	不必	500254
bubian	不变	296690
bubian	不便	160360
buceng	不曾	120875
buchang	补偿	332185
buchaoguo	不超过	356765
bucheng	不成	196715
buchengdan	不承担	327745
buchi	不吃	106770
buchong	补充	500385
buchu	不出	241730
bucunzai	不存在	201695
bucuo	不错	500601
buda	不大	422810
budaibiao	不代表	232735
budan	不但	500317
budang	不当	190910
budao	不到	500390
bude	不得	501255
budebu	不得不	407470
budechaoguo	不得超过	204260
budeng	不等	188890
budeyi	不得以	110210
buding	补丁	175140
budiyu	不低于	162270
budong	不懂	280700
budong	不动	135105
budongchan	不动产	106590
buduan	不断	501067
buduande	不断地	300985
buduanfazhan	不断发展	129800
buduankuoda	不断扩大	105585
buduantigao	不断提高	381580
buduanwanshan	不断完善	116510
budui	不对	500278
budui	部队	285455
buduo	不多	316460
bufa	不发	235820
bufa	步伐	129265
bufa	不乏	103325
bufang	不妨	273075
bufen	部分	501714
bufen	不分	124870
bufende	部分的	229710
bufenneirong	部分内容	128345
bufu	不服	206215
bufu	不符	134970
bufuhe	不符合	373885
bugai	不该	152230
bugan	不敢	500319
bugao	不高	250775
bugei	不给	109545
bugou	不够	500358
bugu	不顾	151635
buguan	不管	500290
buguanshi	不管是	178355
buguo	不过	501600
buhan	不含	366875
buhao	不好	500381
buhaoyisi	不好意思	167940
buhege	不合格	279850
buheli	不合理	188990
buhui	不会	500926
buhuiyou	不会有	148820
buji	不及	158750
bujian	不见	256900
bujian	部件	243645
bujie	不解	113630
bujin	不仅	500829
bujin	不禁	308460
bujinjin	不仅仅	114045
bujinjinshi	不仅仅是	141290
bujinshi	不仅是	229670
bujiu	不久	389045
buju	布局	393215
bujubei	不具备	126620
bujue	不觉	115625
bukan	不看	101160
buke	不可	500464
buken	不肯	230810
bukeneng	不可能	484620
bukesiyi	不可思议	131425
bukeyi	不可以	175950
bulai	不来	102330
buli	不利	233940
buliang	不良	316815
buliyu	不利于	132795
bulun	不论	329715
bulunshi	不论是	119120
buluo	部落	260980
buman	不满	296580
bumanyi	不满意	132610
bumen	部门	1709250
buming	不明	152880
bumingbai	不明白	119785
buneng	不能	501818
bunengxiazai	不能下载	211140
bupa	不怕	203590
buqi	不起	181880
buqiang	不强	116755
buqing	不清	112775
buqingchu	不清楚	111155
buqu	不去	246890
buran	不然	275995
burang	不让	201780
burongyi	不容易	206160
buru	不如	479325
buru	步入	159640
bushang	不上	170805
bushao	不少	500719
bushaoren	不少人	110775
bushaoyu	不少于	192830
bushi	不是	501670
bushi	不适	179935
bushi	不时	132260
bushihe	不适合	104310
bushihen	不是很	160495
bushou	不受	269750
bushu	部署	467705
bushuo	不说	224225
bushuyu	不属于	129990
busuan	不算	172950
butai	不太	261750
butie	补贴	374395
butigong	不提供	107015
buting	不停	161640
butingde	不停地	175235
butong	不同	501387
butongchengdu	不同程度	116940
butongde	不同的	500922
butongyi	不同意	110200
butongyu	不同于	131895
buwei	部位	468960
buwei	不为	135060
buweiban	部委办	500000
buwending	不稳定	149660
buxian	不限	500491
buxiang	不想	488400
buxiang	不详	304285
buxiang	不像	205150
buxianggan	不想干	244400
buxiangganle	不想干了	144400
buxiaoxin	不小心	107125
buxihuan	不喜欢	218155
buxin	不信	150415
buxing	不行	314220
buxing	不幸	171790
buxing	步行	125030
buxiugang	不锈钢	291240
buxu	不许	146245
buxuyao	不需要	389270
buyao	不要	501028
buyi	不宜	378940
buyi	不易	304650
buyi	不已	175640
buyi	不一	120990
buyiding	不一定	211505
buying	不应	268620
buyinggai	不应该	132225
buyingxiang	不影响	124805
buyiyang	不一样	340695
buyong	不用	500382
buyou	不由	175390
buyu	不与	612600
buyuan	不愿	323635
buyuan	不远	109105
buyuanyi	不愿意	191715
buyunxu	不允许	195430
buzai	不再	500465
buzai	不在	452010
buzaishi	不再是	153470
buzhang	部长	324420
buzhengchang	不正常	103085
buzhengque	不正确	109370
buzhi	不知	500478
buzhi	布置	317750
buzhi	不止	157960
buzhibujue	不知不觉	127455
buzhichi	不支持	184060
buzhidao	不知道	500580
buzhou	步骤	500284
buzhu	补助	216385
buzhu	不住	124030
buzhun	不准	274410
buzhuo	捕捉	157010
buzu	不足	500505
buzuo	不做	192570
caice	猜测	132965
caichan	财产	500334
caidan	菜单	459305
caidian	彩电	133765
caiding	裁定	199397
caifang	采访	433885
caifaxian	才发现	140455
caifu	财富	500401
caihong	彩虹	141620
caihua	才华	102880
caihui	才会	446465
caiji	采集	273940
caijing	财经	181639
caijue	裁决	201110
caike	才可	129975
caikeyi	才可以	251195
caili	财力	125580
cailiao	材料	501359
caineng	才能	501196
cainiao	菜鸟	120965
caipan	裁判	140325
caipiao	彩票	189635
caiqu	采取	500842
caiqucuoshi	采取措施	141805
caiqude	采取的	140020
caiqule	采取了	161330
caise	彩色	383800
caishi	才是	500297
caiwu	财务	500266
caiwu	财物	179815
caiwuguanli	财务管理	204565
caiwukuaiji	财务会计	108600
caixin	彩信	101410
caiyao	菜肴	103815
caiyong	采用	501740
caiyongle	采用了	398075
caiyou	才有	385045
caizheng	财政	500298
caizhengbu	财政部	269380
caizhengbumen	财政部门	164570
caizhi	材质	403570
caizhidao	才知道	170110
cangchu	仓储	167930
cangku	仓库	500297
canguan	参观	469785
canguan	餐馆	128330
canhui	参会	130990
canji	残疾	209260
canjia	参加	501382
canjiale	参加了	434745
canjian	参见	161580
canjiren	残疾人	310765
cankao	参考	500391
cankaojiage	参考价格	101720
canlan	灿烂	107860
canlande	灿烂的	104560
canliu	残留	114685
cansai	参赛	264895
canshu	参数	500416
canting	餐厅	389055
canyin	餐饮	348415
canyu	参与	501001
canyuzhe	参与者	100785
canzhan	参展	303375
canzhande	参展的	100100
canzhanshang	参展商	108070
canzhao	参照	311705
caoan	草案	203745
caocao	曹操	166430
caoyuan	草原	267770
caozong	操纵	118760
caozuo	操作	501235
caozuoxitong	操作系统	500384
ceding	测定	265445
cehua	策划	500312
cehui	测绘	182545
celiang	测量	500259
celve	策略	500386
cemian	侧面	141010
cengceng	层层	129825
cengci	层次	500311
cengjing	曾经	500476
cengmian	层面	368045
cengzai	曾在	206975
ceping	测评	171775
ceshi	测试	500807
cesuo	厕所	173630
chabie	差别	319835
chabuduo	差不多	306215
chacao	插槽	122500
chachu	查处	595249
chadian	差点	163260
chae	差额	123760
chaichu	拆除	162075
chaiqian	拆迁	608452
chaiyou	柴油	136535
chajian	插件	471115
chaju	差距	474780
chakan	查看	501084
chakanfujian	查看附件	189330
chandi	产地	437890
changan	长安	212425
changchang	常常	500295
changcheng	长城	282440
changchun	长春	246675
changda	长达	185525
changdao	倡导	276180
changde	长的	406500
changdi	场地	339470
changdu	长度	446800
changduan	长短	104450
changfa	长发	104505
changfang	厂房	469105
changge	唱歌	179395
changgui	常规	344145
changhe	场合	266545
changjia	厂家	500310
changjian	常见	464715
changjiande	常见的	464715
changjiang	长江	313730
changjing	场景	322260
changjiu	长久	173390
changmian	场面	226435
changnian	常年	186745
changpian	唱片	221905
changpiangongsi	唱片公司	111890
changqi	长期	500758
changqiyilai	长期以来	158235
changsha	长沙	438895
changshang	厂商	500357
changshang	场上	111245
changshashi	长沙市	179770
changshi	尝试	500255
changshi	常识	167720
changshijian	长时间	198115
changsuo	场所	500297
changtong	畅通	127975
changtu	长途	104885
changweihui	常委会	145990
changwu	常务	183125
changwuweiyuanhui	常务委员会	206215
changxiao	畅销	120650
changyong	常用	500275
changyou	常有	119885
changyuan	长远	163120
changzheng	长征	108360
chanliang	产量	475455
channeng	产能	128645
chanpin	产品	719918
chanpinbianhao	产品编号	134740
chanpinguige	产品规格	155210
chanpinjiage	产品价格	144020
chanpinjieshao	产品介绍	124545
chanpinxiaoshou	产品销售	104535
chanpinxinxi	产品信息	184835
chanpinzhiliang	产品质量	359430
chanquan	产权	372025
chansheng	产生	501275
chanshengle	产生了	376685
chanshu	阐述	162975
chanwu	产物	178155
chanye	产业	581292
chanyefazhan	产业发展	185040
chanyehua	产业化	263235
chanyejiegou	产业结构	105650
chanyelian	产业链	150370
chanzhi	产值	213000
chaobiao	超标	173842
chaochu	超出	218645
chaoge	炒个	159850
chaogecai	炒个菜	108990
chaoguo	超过	500954
chaoguole	超过了	183675
chaoji	超级	500398
chaojibanzhu	超级版主	492790
chaojigecai	炒几个菜	198980
chaoliu	潮流	252785
chaoshengbo	超声波	105095
chaoshi	超市	500266
chaoting	朝廷	122345
chaoxi	抄袭	192320
chaoxian	朝鲜	223585
chaoyang	朝阳	198365
chaoyangqu	朝阳区	255010
chaoyue	超越	343940
chaozhe	朝着	110130
chaozhi	超值	106935
chaozuo	炒作	189910
charu	插入	499080
chaxun	查询	500787
chaye	茶叶	358575
chayi	差异	500278
chayue	查阅	226715
chazhao	查找	422960
checi	车次	154495
chede	车的	338520
chedi	彻底	484805
chedui	车队	170170
chejian	车间	196335
cheliang	车辆	500528
chendian	沉淀	111660
chenei	车内	150290
chengban	承办	308695
chengbandanwei	承办单位	109925
chengbao	承包	643225
chengbao	城堡	130555
chengben	成本	500769
chengche	乘车	185870
chengdan	承担	500796
chengdanzeren	承担责任	495483
chengdu	程度	500495
chengdu	成都	500464
chengdushang	程度上	103665
chengdushi	成都市	233300
chengfa	惩罚	162210
chengfen	成分	446075
chenggong	成功	501106
chenggongde	成功的	500365
chenggongde	成功地	154430
chengguo	成果	500453
chenghao	称号	500263
chenghu	称呼	129215
chengji	成绩	500639
chengjiao	成交	370795
chengjiaoliang	成交量	109730
chengjie	承接	394408
chengjiu	成就	500253
chengke	乘客	202975
chengli	成立	500565
chengli	城里	121220
chenglile	成立了	257295
chengliyu	成立于	263115
chengnian	成年	119420
chengnuo	承诺	500419
chengpin	成品	204400
chengqianshangwan	成千上万	123130
chengqu	城区	351590
chengren	承认	489895
chengren	成人	392220
chengrenyongpin	成人用品	131055
chengshi	城市	501469
chengshi	诚实	124310
chengshide	城市的	421645
chengshiguihua	城市规划	202700
chengshihua	城市化	123755
chengshijianshe	城市建设	138645
chengshou	承受	260250
chengshu	成熟	500397
chengwei	成为	501999
chengwei	称为	500317
chengweile	成为了	249300
chengweiyige	成为一个	166855
chengxian	呈现	400465
chengxianchu	呈现出	168655
chengxiang	城乡	337225
chengxiao	成效	297040
chengxin	诚信	500372
chengxu	程序	501410
chengxuyuan	程序员	117350
chengyuan	成员	500571
chengyunren	承运人	106785
chengzan	称赞	100235
chengzhang	成长	500392
chengzhen	城镇	483480
chengzhiwei	称之为	199010
chengzuo	乘坐	180195
chenlie	陈列	109990
chenmo	沉默	222740
chenshu	陈述	164655
chenzhongde	沉重的	100980
cheshang	车上	172795
cheshen	车身	193395
chexiao	撤销	309820
chexing	车型	500290
chezai	车载	104210
chezhan	车站	231575
chezhu	车主	238760
chezi	车子	201920
chibang	翅膀	176265
chicun	尺寸	500450
chide	吃的	278850
chidu	尺度	103745
chifan	吃饭	422140
chigu	持股	123070
chijing	吃惊	120045
chijiu	持久	174260
chile	吃了	299400
chixu	持续	500442
chiyou	持有	497505
chongbai	崇拜	138745
chongdang	充当	103260
chongdian	充电	170375
chongdianqi	充电器	113620
chongdong	冲动	231055
chongfen	充分	500371
chongfende	充分的	220405
chongfenfahui	充分发挥	494655
chongfenliyong	充分利用	267465
chongfu	重复	500291
chongji	冲击	353965
chongjian	重建	174035
chongman	充满	500305
chongmanle	充满了	277980
chongqi	重启	133085
chongqing	重庆	500448
chongqingshi	重庆市	312190
chongshi	充实	212535
chongtu	冲突	388180
chongwu	宠物	500329
chongxi	冲洗	112820
chongxin	重新	500492
chongxinqidong	重新启动	108400
chongzhi	充值	111790
chongzu	充足	133895
chongzude	充足的	114180
choubei	筹备	133275
choucha	抽查	125700
chouchu	抽出	102270
chouxiang	抽象	122345
chouyan	抽烟	107725
chuanbo	传播	500437
chuanbo	船舶	351115
chuancheng	传承	124825
chuanchu	传出	129615
chuandi	传递	366745
chuanganqi	传感器	307125
chuangban	创办	293485
chuanghu	窗户	149215
chuangjian	创建	500522
chuangkou	窗口	500419
chuangli	创立	148445
chuanglian	窗帘	124385
chuangshang	床上	244030
chuangshiren	创始人	118585
chuanguo	穿过	201830
chuangwai	窗外	157430
chuangxin	创新	500864
chuangxinnengli	创新能力	129220
chuangye	创业	500462
chuangyezhe	创业者	133015
chuangyi	创意	500254
chuangzao	创造	500567
chuangzaochu	创造出	115290
chuangzaole	创造了	295395
chuangzaoli	创造力	126905
chuangzaoxing	创造性	164985
chuangzuo	创作	500355
chuanlai	传来	271645
chuanmei	传媒	293340
chuanqi	传奇	283920
chuanranbing	传染病	212375
chuanshang	穿上	128755
chuanshou	传授	124540
chuanshu	传输	413290
chuanshuo	传说	352990
chuansong	传送	213620
chuantong	传统	500943
chuantongwenhua	传统文化	130270
chuanyuan	船员	130499
chuanyue	穿越	156260
chuanzhe	穿着	350115
chuanzhen	传真	501093
chuanzhuo	穿着	350115
chuban	出版	500487
chubanriqi	出版日期	198855
chubanshe	出版社	500608
chubanwu	出版物	113205
chubei	储备	193520
chuchai	出差	141495
chuchang	出场	117695
chuchang	出厂	111885
chuchu	出处	373140
chuchu	处处	193185
chuci	初次	122425
chucizhiwai	除此之外	138535
chucun	储存	333340
chucuo	出错	135235
chuer	初二	107975
chufa	出发	500276
chufa	处罚	500269
chufade	处罚的	123440
chufang	厨房	368985
chufei	除非	249375
chufen	处分	363150
chuguo	出国	221515
chuizhi	垂直	218820
chuji	初级	343840
chujihuiyuan	初级会员	117485
chujing	出境	130720
chuju	出具	432985
chukou	出口	500560
chulai	出来	500900
chulaile	出来了	116165
chuli	处理	501532
chulide	处理的	278410
chulu	出路	111795
chumen	出门	200495
chumo	触摸	112175
chuncui	纯粹	193610
chunfeng	春风	107120
chunji	春季	136340
chunjie	春节	269220
chunjing	纯净	105755
chunqiu	春秋	150610
chunshu	纯属	217390
chuntian	春天	287610
chunv	处女	104405
chupin	出品	144820
chuqi	初期	303220
chuqu	出去	500274
chuqu	除去	121770
churang	出让	170850
churu	出入	124330
chusan	初三	108605
chuse	出色	342675
chushen	出身	146520
chushen	初审	116555
chusheng	出生	386065
chushi	出示	166485
chushi	初始	131185
chushi	厨师	109830
chushihua	初始化	372767
chushou	出售	500465
chushou	出手	171990
chutai	出台	449730
chutaile	出台了	117825
chuwai	除外	402370
chuxi	出席	307680
chuxian	出现	501684
chuxianle	出现了	500298
chuxianzai	出现在	378050
chuxie	出血	180215
chuxile	出席了	105810
chuxing	出行	144755
chuxu	储蓄	124800
chuxue	出血	180215
chuyi	处以	173160
chuyi	初一	118930
chuyu	处于	500532
chuyu	出于	287070
chuzai	处在	219340
chuzhang	处长	124960
chuzhi	处置	293970
chuzhong	初中	395270
chuzi	出资	295780
chuzi	出自	167535
chuzu	出租	500395
chuzuche	出租车	125385
ciban	此版	109930
cicaozuo	此操作	185590
cichu	此处	210995
cici	此次	500428
cihou	此后	249220
cihui	词汇	257975
ciji	刺激	500313
ciju	此举	110355
cike	此刻	223775
cilei	此类	377745
cipan	磁盘	209135
ciqian	此前	270145
ciren	此人	133905
ciri	次日	138070
cishi	此时	500468
cishi	此事	228075
cishu	次数	416750
ciwai	此外	500594
ciwen	此文	159680
cixiang	此项	204140
ciyu	词语	149060
cizhi	辞职	165965
cizhong	此种	146345
cizhuan	瓷砖	101065
cizhuti	此主题	500435
congbu	从不	176865
congci	从此	469670
congcong	匆匆	141510
conger	从而	500798
congershi	从而使	160400
conggenbenshang	从根本上	148915
conglai	从来	135260
conglaimeiyou	从来没有	154190
congming	聪明	257310
congmingde	聪明的	106205
congqian	从前	184940
congrong	从容	107625
congshi	从事	501017
congshu	丛书	132390
congwei	从未	200850
congwo	从我	157900
congxiao	从小	209965
congye	从业	141075
congyerenyuan	从业人员	268355
congzhe	从这	181525
congzhong	从中	325140
cuihuaji	催化剂	125905
cuiruo	脆弱	105845
cujin	促进	500948
cujinle	促进了	214930
cunchu	存储	459730
cundang	存档	140750
cunfang	存放	261400
cunguo	存过	115010
cunhuo	存货	134170
cunkuan	存款	500488
cunli	村里	158820
cunmin	村民	417255
cunweihui	村委会	105780
cunzai	存在	501272
cunzaizhe	存在着	341735
cunzhuang	村庄	173595
cuode	错的	105000
cuoguo	错过	151070
cuoshi	措施	500742
cuowu	错误	500635
cuozhe	挫折	158045
cushi	促使	305195
cuxiao	促销	393520
daan	答案	500462
daban	打扮	102905
dabiao	达标	144555
dabudao	达不到	130430
dabufen	大部分	500353
dachen	大臣	126515
dacheng	达成	347705
dachengshi	大城市	112050
dachu	打出	123180
dada	大大	500293
dadan	大胆	201355
dadao	达到	501336
dadao	大道	334190
dadaole	达到了	355530
dade	大的	500570
dadi	大地	284095
dadianhua	打电话	364370
dadou	大豆	225865
dadou	大都	136290
dadui	大队	180720
daduo	大多	353740
daduoshi	大多是	102535
daduoshu	大多数	500303
dafang	大方	158740
dafen	打分	141925
dafu	大幅	348545
dafu	答复	260905
dafudu	大幅度	195770
dagai	大概	450675
dagang	大纲	174145
dage	大哥	352950
dagong	打工	217690
daguimo	大规模	228095
daguimode	大规模的	120870
daguo	大国	177140
dahai	大海	202460
dahu	大户	103770
dahu	打呼	101385
dahui	大会	500350
daiban	代办	124935
daibiao	代表	501288
daibiaodahui	代表大会	119525
daibiaotuan	代表团	163985
daibiaozhe	代表着	100055
daidao	带到	145765
daide	带的	106770
daidong	带动	439930
daier	戴尔	137035
daifu	大夫	189835
daigei	带给	185730
daihao	代号	123245
daijia	代价	228620
daikuan	贷款	500512
daikuan	带宽	288145
dailai	带来	500793
dailaile	带来了	382700
daili	代理	500660
dailing	带领	314985
dailiren	代理人	179120
dailishang	代理商	358200
daima	代码	500611
daishang	带上	153385
daiti	代替	301945
daitou	带头	148375
daiwang	大王	122645
daixie	代谢	160955
daiyou	带有	464770
daiyu	待遇	500294
daizhe	带着	500361
daji	打击	487650
dajia	大家	501724
dajiadou	大家都	455830
dajiahao	大家好	109680
dajian	搭建	209040
dajiang	大奖	195085
dajiao	大叫	104755
dajie	大街	274580
dajiudian	大酒店	268450
daju	大局	127215
dajun	大军	124330
dakai	打开	500694
dakaile	打开了	105885
dalei	大类	106420
dali	搭理	917015
dalian	大连	500257
daliang	大量	500930
dalianshi	大连市	114485
dalifazhan	大力发展	210020
dalituijin	大力推进	100450
dalizhichi	大力支持	115375
dalou	大楼	236820
dalu	大陆	500260
damen	大门	276005
dami	大米	140110
damianji	大面积	124810
danao	大脑	256290
danbai	蛋白	209580
danbaizhi	蛋白质	281300
danbao	担保	353780
danbu	但不	450335
danchun	单纯	386005
danci	单词	225415
dancong	但从	159100
dandan	淡淡	137935
dandande	淡淡的	181115
dandang	但当	118245
dandu	单独	440965
dandui	但对	192090
danduiyu	但对于	101255
dangan	档案	500422
dangao	蛋糕	815478
dangchang	当场	238025
dangcheng	当成	207900
dangchu	当初	357420
dangci	档次	234585
dangdai	当代	366255
dangde	党的	500448
dangdejianshe	党的建设	109395
dangdezhizheng	党的执政	114615
dangdi	当地	500655
dange	单个	150880
dangfenglianzhengjianshe	党风廉政建设	150580
dangheguojia	党和国家	124610
dangji	当即	106135
dangjin	当今	206675
dangnei	党内	117515
dangni	当你	458040
dangnian	当年	500424
dangnin	当您	121040
dangqi	当期	108445
dangqian	当前	501308
dangqianweizhi	当前位置	401905
dangran	当然	501139
dangranshi	当然是	195915
dangri	当日	281760
dangshi	当时	500970
dangshi	当事	308165
dangshiren	当事人	500428
dangta	当他	256000
dangta	当她	102805
dangtian	当天	390875
dangwan	当晚	104770
dangwo	当我	294055
dangwomen	当我们	168920
dangxia	当下	140380
dangyuan	党员	500584
dangyuanganbu	党员干部	140675
dangzhang	党章	111400
dangzheng	党政	128625
dangzhibu	党支部	177970
dangzhihui	党指挥	100000
dangzhong	当中	500316
dangzhongyang	党中央	177860
dangzu	党组	236070
dangzuo	当作	318305
dangzuzhi	党组织	333095
danhai	但还	120105
danji	单击	400130
danjia	单价	224005
danjian	单间	104560
danju	单据	122750
danmei	但没	144040
danni	但你	150205
danpianji	单片机	126145
danqi	但其	209625
danque	但却	264595
danren	担任	500377
danru	但如	201725
danshen	单身	206475
dansheng	诞生	250080
danshi	但是	502944
danshita	但是他	107350
danshizai	但是在	210595
danwei	单位	502589
danweimingcheng	单位名称	142315
danwo	但我	500303
danxiang	单项	123405
danxianzai	但现在	115175
danxin	担心	500324
danyao	但要	155720
danye	但也	331335
danyi	单一	329550
danyou	但有	178135
danyou	但又	144050
danyou	担忧	124035
danyouyu	但由于	287225
danzai	但在	500325
danzhe	但这	470915
daoban	盗版	105665
daochu	到处	213250
daoda	到达	500362
daodan	导弹	157815
daode	到的	500445
daode	道德	500286
daodi	到底	500261
daodishi	到底是	177560
daohang	导航	340880
daohuo	到货	123055
daoju	道具	179780
daoju	刀具	107310
daolai	到来	376495
daoli	道理	381125
daolu	道路	500439
daolujiaotong	道路交通	169717
daolushang	道路上	100535
daomuqianweizhi	到目前为止	108685
daoni	到你	180890
daonin	到您	180890
daoqi	到期	141590
daoqian	道歉	134980
daoru	导入	226025
daoshi	倒是	244675
daoshihou	到时候	108490
daota	到他	160390
daota	到她	116485
daota	刀塔	100000
daowei	到位	349460
daowo	到我	209630
daoxiang	导向	310915
daoxianzai	到现在	233695
daoyan	导演	500294
daoyige	到一个	124720
daoyou	导游	292210
daozai	倒在	118525
daozheli	到这里	114765
daozhi	导致	501077
dapan	大盘	175595
dapei	搭配	413620
dapi	大批	212410
dapian	大片	144935
dapo	打破	219250
daqi	大气	173810
daqiao	大桥	146670
daqiye	大企业	113620
daquan	大全	209950
daren	大人	340950
darou	大肉	100457
dasai	大赛	428345
dasheng	大声	188420
dashi	大师	500270
dashi	大事	250530
dasuan	打算	409685
datang	大唐	119855
dati	答题	133920
datui	大腿	107360
dawang	大王	122645
daxia	打下	101270
daxiao	大小	500742
daxing	大型	500698
daxingqiye	大型企业	118725
daxue	大学	500829
daxuebenke	大学本科	112205
daxuesheng	大学生	500399
dayin	打印	500344
daying	答应	234360
dayinji	打印机	334410
dayou	大有	106900
dayu	大于	360165
dayue	大约	425015
dazao	打造	500433
dazhan	大战	132315
dazhe	打折	142740
dazhe	打着	118195
dazhejipiao	打折机票	105425
dazhi	大致	258255
dazhong	大众	446855
dazhongxiao	大中小	232285
dazhuan	大专	500298
daziran	大自然	202455
debudao	得不到	171120
dechu	得出	255675
dedao	得到	501238
dedaole	得到了	500283
deduo	得多	226370
defen	得分	382440
defener	得分儿	382440
deganmao	得感冒	101010
deguo	德国	500539
dehen	得很	248545
dehua	的话	501315
dele	得了	276085
dengdai	等待	500356
dengdao	等到	301215
dengde	等的	340040
dengdeng	等等	500814
dengdi	等地	418285
dengduo	等多	173375
dengfangmian	等方面	500501
denggongneng	等功能	165200
dengguang	灯光	264425
denghou	等候	116100
dengji	等级	503728
dengji	登记	500597
dengjibiao	登记表	140960
dengjiguanli	登记管理	101160
dengjijiguan	登记机关	103270
dengju	灯具	117715
denglu	登录	501936
dengneirong	等内容	209725
dengni	等你	133135
dengqingkuang	等情况	146550
dengren	等人	328900
dengshan	登山	149870
dengshang	登上	151450
dengwo	等我	169890
dengxiaoping	邓小平	155420
dengxiaopinglilun	邓小平理论	251575
dengxingshi	等形式	137060
dengyu	等于	267640
dengzhe	等着	189325
dengzhuanye	等专业	134740
deren	的人	502597
deshi	的是	502222
deshi	的事	500644
deyi	得意	144455
dezhi	得知	300040
dianbo	点播	123880
dianchang	电厂	118885
dianchi	电池	500313
diandang	典当	100639
diande	点的	465010
diandian	点点	115780
diandiantou	点点头	121580
diandingle	奠定了	168770
diandong	电动	213830
dianfan	典范	101150
dianfen	淀粉	207643
diangong	电工	124655
dianhua	电话	502776
dianhuahaoma	电话号码	217720
dianji	点击	501162
dianji	电机	237940
dianjichakan	点击查看	128280
dianjicishu	点击次数	228205
dianjishu	点击数	500287
dianlan	电缆	257390
dianlediantou	点了点头	118085
dianli	电力	500251
dianli	店里	144030
dianliu	电流	274870
dianlu	电路	325395
dianmian	店面	139020
diannao	电脑	500951
dianping	点评	421910
dianpu	店铺	282055
dianqi	电器	336615
dianqi	电气	212840
dianquan	点券	494080
dianran	点燃	100245
dianrong	电容	117265
dianshang	电商	155555
dianshang	点上	107820
dianshi	电视	500435
dianshiji	电视机	139615
dianshiju	电视剧	251695
dianshitai	电视台	487100
dianshu	点数	226885
diantai	电台	200715
dianti	电梯	269000
diantou	点头	185735
dianwang	电网	176770
dianxian	电线	117070
dianxin	电信	500301
dianxin	点心	345920
dianxing	典型	301375
dianxingde	典型的	231285
dianya	电压	343660
dianya	典雅	125075
dianying	电影	500748
dianying	点映	200000
dianyuan	电源	500307
dianzhan	电站	353975
dianzhu	店主	109425
dianzi	电子	500722
dianzichanpin	电子产品	102035
dianzigonggao	电子公告	136300
dianzishangwu	电子商务	500326
dianzishu	电子书	112890
dianzixinxi	电子信息	133510
dianzixinxiang	电子信箱	124560
dianziyoujian	电子邮件	500345
dianziyouxiang	电子邮箱	200475
dianziyouxiangongsi	电子有限公司	104875
dianzizhengwu	电子政务	152395
dianzu	电阻	122470
diaocha	调查	500710
diaochabaogao	调查报告	121212
diaochayanjiu	调查研究	122490
diaodong	调动	276880
diaodu	调度	142590
diaoke	雕刻	138125
diaosu	雕塑	150010
diaoxiao	吊销	102360
diaoyan	调研	388100
diaoyong	调用	313425
diaoyu	钓鱼	127655
diban	地板	347550
dibatiao	第八条	255840
dibazhang	第八章	123690
dibu	底部	149625
dibu	地步	142045
dichan	地产	314405
dichengben	低成本	111805
dichu	地处	256905
dichu	抵触	251142
dida	抵达	211010
didai	地带	192920
didao	地道	192255
dide	低的	141440
didi	弟弟	236680
didian	地点	500559
didiao	低调	104075
diduan	地段	173670
dierci	第二次	314835
dierge	第二个	328495
dierjie	第二节	249455
dierjie	第二届	143705
dierkuan	第二款	101640
diershibatiao	第二十八条	122825
diershiertiao	第二十二条	163575
diershijiutiao	第二十九条	118120
diershiliutiao	第二十六条	137550
diershiqitiao	第二十七条	132690
diershisantiao	第二十三条	154485
diershisitiao	第二十四条	146830
diershitiao	第二十条	175260
diershiwutiao	第二十五条	142225
diershiyitiao	第二十一条	166305
diertian	第二天	468020
diertiao	第二条	287990
dierzhang	第二章	341265
difang	地方	501647
difangrenminzhengfu	地方人民政府	159290
difangzhengfu	地方政府	207620
digei	递给	109725
diguo	帝国	229455
dijia	低价	210070
dijiao	递交	128435
dijiutiao	第九条	252305
dikang	抵抗	151135
dikuai	地块	125740
dili	地理	327725
diliu	第六	118115
diliutiao	第六条	261220
diliuzhang	第六章	219785
diliweizhi	地理位置	157690
dimian	地面	479450
diming	地名	124210
dingbu	顶部	163080
dingdan	订单	500299
dingduan	顶端	135115
dinge	定额	133005
dinggou	订购	500255
dinghuo	订货	134720
dingji	顶级	222320
dingjia	定价	487690
dingle	定了	104155
dingli	订立	170530
dingliang	定量	114255
dingqi	定期	500317
dingshi	定时	158010
dingwei	定位	500383
dingwei	定为	112855
dingweiqi	定位器	334200
dingxiang	定向	155290
dingxiang	丁香	125472
dingyao	定要	110750
dingyi	定义	500358
dingyue	订阅	335845
dingzhe	盯着	201140
diqitiao	第七条	258405
diqiu	地球	421425
diqizhang	第七张	212250
diqizhang	第七章	167980
diqu	地区	501828
dique	的确	500250
diren	敌人	500261
dirende	敌人的	101190
disan	第三	500407
disanci	第三次	134950
disanfang	第三方	222880
disange	第三个	148980
disanjie	第三节	193915
disanjie	第三届	120555
disanren	第三人	111470
disanshiertiao	第三十二条	109255
disanshisantiao	第三十三条	104860
disanshitiao	第三十条	114250
disanshiyitiao	第三十一条	114310
disantiao	第三条	272840
disanzhang	第三章	324055
dishang	地上	500252
dishi	第十	121115
dishibatiao	第十八条	188415
dishiertiao	第十二条	229110
dishijiutiao	第十九条	185940
dishiliutiao	第十六条	198960
dishiqitiao	第十七条	191200
dishisantiao	第十三条	221755
dishisitiao	第十四条	217045
dishitiao	第十条	243020
dishiwutiao	第十五条	211570
dishiyitiao	第十一条	234765
dishui	地税	113970
disijie	第四节	133060
disitiao	第四条	266685
disizhang	第四章	297500
ditan	地毯	136160
ditie	地铁	226700
ditou	低头	130475
ditu	地图	500266
diule	丢了	100095
diuleba	丢了吧	100095
diulema	丢了吗	100095
diushi	丢失	264255
diwei	地位	500471
diwen	低温	140280
diwu	第五	207560
diwutiao	第五条	268155
diwuzhang	第五章	266420
dixia	地下	421645
dixing	地形	143765
diya	抵押	173210
diyi	第一	500955
diyibu	第一步	203235
diyici	第一次	500549
diyige	第一个	500421
diyijia	第一家	119035
diyijie	第一节	253525
diyikuan	第一款	180615
diyiming	第一名	153915
diyipi	第一批	150715
diyishijian	第一时间	195840
diyitian	第一天	168690
diyitiao	第一条	297640
diyiwei	第一位	136625
diyizhang	第一章	350100
diyu	低于	500265
diyu	地域	286695
diyu	地狱	168695
dizhen	地震	284780
dizhi	地址	502251
dizhi	抵制	128580
dizhi	地质	120281
dizi	弟子	247150
dongbei	东北	345645
dongbu	东部	199310
dongde	懂得	303225
dongdong	东东	136675
dongfang	东方	500299
dongfeng	东风	185150
donggan	动感	161120
dongguan	东莞	374460
donghai	东海	117950
donghua	动画	500322
donghuapian	动画片	108900
dongji	冬季	325895
dongji	动机	188470
dongli	动力	500375
donglu	东路	257810
dongman	动漫	388145
dongnan	东南	148940
dongnanya	东南亚	173590
dongren	动人	141865
dongshihui	董事会	357665
dongshizhang	董事长	1132889
dongshou	动手	188100
dongtai	动态	500391
dongtian	冬天	286180
dongwu	动物	500423
dongxi	东西	501200
dongyuan	动员	258945
dongzuo	动作	500525
doubei	都被	279165
doubi	都比	105170
doubixu	都必须	173575
doubu	都不	500349
doubuhui	都不会	132255
doubuneng	都不能	133760
doubushi	都不是	119280
doudei	都得	104790
doudui	都对	108145
doufu	豆腐	511649
douhen	都很	386965
douhui	都会	500593
doujiang	都将	257280
doujiang	豆浆	149318
doukan	都看	108470
douke	都可	184525
doukeyi	都可以	500346
doumei	都没	344395
doumeiyou	都没有	500270
douneng	都能	500335
doushi	都是	502130
doushuo	都说	229285
douwufa	都无法	107605
douxiang	都想	103180
douxuyao	都需要	134515
douyao	都要	500418
douyi	都已	128730
douyi	都以	105460
douyijing	都已经	142625
douying	都应	141855
douyinggai	都应该	102615
douyong	都用	116830
douyou	都有	500765
douyou	豆油	112470
douzai	都在	500450
douzheng	斗争	245375
douzhidao	都知道	211540
duanduan	短短	238085
duankou	端口	488535
duanlian	锻炼	419005
duanqi	短期	260140
duanque	短缺	116690
duanxian	短线	114470
duanxin	短信	500402
duanzan	短暂	177315
dubo	赌博	155700
ducha	督察	162515
ducu	督促	209180
dudao	督导	108320
duguo	度过	150445
duhui	都会	500593
duiben	对本	230715
duibi	对比	500277
duibu	对不	114500
duibuqi	对不起	400595
duice	对策	233750
duichong	对冲	118653
duici	对此	500454
duidai	对待	372690
duifang	对方	500677
duifu	对付	233530
duihua	对话	468645
duihuakuang	对话框	212985
duijia	对价	281461
duijie	对接	108755
duikang	对抗	204200
duile	对了	205865
duili	对立	115555
duimian	对面	360360
duini	对你	407505
duinin	对您	121870
duiqi	对其	500291
duiren	对人	170510
duishou	对手	480610
duisuoyou	对所有	101000
duita	对他	444325
duita	对她	217645
duita	对它	122240
duiwai	对外	466605
duiwaikaifang	对外开放	160280
duiwaimaoyi	对外贸易	104795
duiwo	对我	500271
duiwoguo	对我国	108685
duiwoshuo	对我说	131940
duiwu	队伍	500382
duiwujianshe	队伍建设	174939
duixian	兑现	100360
duixiang	对象	500830
duixuesheng	对学生	212865
duiying	对应	385920
duiyu	对于	502344
duiyuan	队员	353120
duizhang	队长	215575
duizhao	对照	225020
duizhe	对着	263010
duizhe	对这	256530
duizhongguo	对中国	342560
duizijide	对自己的	263950
dujia	独家	217470
dujia	度假	137585
dujue	杜绝	169825
duli	独立	500644
dunshi	顿时	262775
duoceng	多层	131230
duocengci	多层次	109850
duoci	多次	500370
duoda	多大	220085
duoda	多达	128110
duode	多的	500408
duofang	多方	108990
duofangmiande	多方面的	102340
duoge	多个	500505
duogongneng	多功能	245115
duojia	多家	385260
duojiu	多久	176920
duole	多了	500308
duome	多么	305975
duomeiti	多媒体	500309
duoming	多名	294000
duonian	多年	500450
duonianlai	多年来	279795
duopuda	多普达	180147
duoren	多人	374130
duoshao	多少	500530
duoshaoqian	多少钱	115305
duoshi	多是	112055
duoshu	多数	452500
duowan	多万	207540
duowei	多为	180305
duowei	多位	127800
duoxie	多谢	126595
duoyang	多样	163860
duoyanghua	多样化	171465
duoyuan	多元	283035
duoyuanhua	多元化	269880
duoyue	多月	117040
duozai	躲在	114240
duozhong	多种	500620
dupin	毒品	108180
duqu	读取	272485
dushi	都市	294466
dushu	读书	490950
dute	独特	500450
duyou	独有	148300
duzhe	读者	500428
duzi	独自	197290
duzi	肚子	145195
edu	额度	103485
eguo	俄国	101930
ehua	恶化	106870
elie	恶劣	117180
eluosi	俄罗斯	500262
emo	恶魔	126935
erbei	而被	151490
erbian	耳边	116940
erbu	而不	500350
erbuneng	而不能	106445
erbushi	而不是	500339
erchansheng	而产生	132525
ercheng	而成	497365
erchu	而出	127045
erdengjiang	二等奖	213765
erdui	而对	159225
erduiyu	而对于	118450
erduo	耳朵	223880
erfei	而非	194550
erge	二个	110425
erhou	而后	171340
erji	耳机	264325
erlai	而来	329240
erlou	二楼	192935
erni	而你	104035
ernian	二年	275985
ernianji	二年级	105730
erqi	而其	135180
erqi	二期	128880
erqie	而且	502223
erqieshi	而且是	160460
erqiezai	而且在	150380
erqu	而去	202465
erren	二人	363905
ershi	而是	500769
ershi	二是	500523
ershi	二十	385300
ershi	而使	127690
ershou	二手	308160
ershouche	二手车	1112665
ershoufang	二手房	200815
erta	而他	182475
ertong	儿童	500499
erwo	而我	281800
erwomen	而我们	102810
erwu	而无	134445
erxianzai	而现在	108315
eryan	而言	500460
eryi	而已	500312
eryou	而又	353210
eryou	而有	188395
erzai	而在	500313
erzhe	而这	270265
erzhe	二者	179225
erzhexie	而这些	117370
erzi	儿子	500415
erzi	二字	101410
ewai	额外	181995
exin	恶心	153960
eyi	恶意	236510
ezhi	遏制	137495
fabiao	发表	501269
fabiaopinglun	发表评论	419595
fabiaoriqi	发表日期	119220
fabiaoshijian	发表时间	493705
fabiaoyu	发表于	500528
fabiaozhe	发表者	152755
fabing	发病	198315
fabu	发布	501368
fabule	发布了	168535
faburen	发布人	294445
faburiqi	发布日期	500307
fabushijian	发布时间	500887
fabuxinxi	发布信息	113855
fabuzhe	发布者	245935
fachu	发出	500421
fada	发达	167845
fadade	发达的	105945
fadaguojia	发达国家	243680
fade	发的	176640
fadian	发电	161755
fading	法定	234880
fadingdaibiaoren	法定代表人	244750
fadong	发动	266520
fadongji	发动机	500290
fafang	发放	500266
fagaiwei	发改委	107755
fagei	发给	291645
faguan	法官	295320
faguang	发光	126495
fagui	法规	500501
faguo	法国	500411
fahui	发挥	500712
fahuo	发货	284265
fajiao	发酵	133495
fakuan	罚款	500380
fala	发蜡	103045
fale	发了	158045
falv	法律	501086
falvfagui	法律法规	307125
falvguiding	法律规定	142260
falvguwen	法律顾问	100870
falvyuanzhu	法律援助	124455
falvzeren	法律责任	367415
famen	阀门	153695
faming	发明	280360
fanchou	范畴	180480
fandian	饭店	470715
fandui	反对	500278
faner	反而	479010
fanfu	反复	439175
fangai	妨碍	140350
fangan	方案	500755
fangbian	方便	500621
fangbiande	方便的	159130
fangbianmian	方便面	147895
fangchan	房产	497135
fangda	放大	264800
fangdao	放到	265015
fangdichan	房地产	5638548
fangdichankaifa	房地产开发	231700
fangdichanshichang	房地产市场	179615
fangdichanye	房地产业	128120
fangfa	方法	502196
fangfan	防范	266565
fangfashi	方法是	215830
fangfu	仿佛	476460
fanghu	防护	262445
fanghuo	防火	195145
fanghuoqiang	防火墙	329920
fangjia	房价	442710
fangjian	房间	500355
fangjianli	房间里	112240
fangkai	放开	136860
fangke	访客	213685
fangmao	仿冒	182448
fangmian	方面	501743
fangqi	放弃	500343
fangqile	放弃了	141265
fangru	放入	363050
fangshi	方式	502607
fangshou	防守	151455
fangshui	防水	208955
fangsong	放松	323530
fangtan	访谈	108895
fangwen	访问	500822
fangwenliang	访问量	177680
fangwu	房屋	500628
fangxia	放下	218350
fangxiang	方向	500764
fangxin	放心	448735
fangxing	放行	149895
fangxing	房型	125070
fangxun	防汛	108110
fangyu	防御	272695
fangyuan	房源	217020
fangzai	放在	500548
fangzhen	方针	367650
fangzhen	仿真	145770
fangzhi	防止	500446
fangzhipin	纺织品	193840
fangzi	房子	500327
fangzu	房租	162955
fanhua	繁华	115795
fanhuan	返还	169165
fanhui	返回	500363
fanji	反击	108925
fankang	反抗	129375
fankui	反馈	355775
fanlongduan	反垄断	128035
fannao	烦恼	327255
fanrong	繁荣	250150
fanshe	反射	134270
fanshi	凡是	270665
fansi	反思	200825
fantie	饭贴	170450
fanwei	范围	500898
fanweinei	范围内	500395
fanyi	翻译	500331
fanying	反应	500440
fanying	反映	400450
fanyingchu	反映出	109915
fanyingde	反映的	103290
fanyingle	反映了	225180
fanzheng	反正	330675
fanzhi	繁殖	167530
fanzhi	反之	113670
fanzui	犯罪	354860
fanzuixianyiren	犯罪嫌疑人	125735
fapiao	发票	430195
faqi	发起	257450
fare	发热	149495
faren	法人	254755
farendaibiao	法人代表	105635
fashe	发射	201215
fasheng	发生	501026
fashengbianhua	发生变化	117580
fashengde	发生的	500274
fashengle	发生了	433180
fashengzai	发生在	237865
fashi	法师	205335
fashou	发售	109665
fasong	发送	500473
fasongdao	发送到	130740
fatie	发帖	501440
fatieshu	发帖数	162185
fating	法庭	130340
faxian	发现	501897
faxiande	发现的	216855
faxianle	发现了	330735
faxianlege	发现了个	330735
faxianziji	发现自己	144070
faxing	发行	500406
faxing	发型	110100
faxinggongsi	发行公司	173270
faxingriqi	发行日期	188600
faxue	法学	188200
faxueyuan	法学院	152816
fayan	发言	500413
fayang	发扬	164500
fayi	法医	126020
fayin	发音	121270
fayu	发育	273275
fayu	法语	111555
fayuan	法院	2568854
faze	法则	162510
fazhan	发展	1934814
fazhandao	发展到	182395
fazhanfangxiang	发展方向	136015
fazhanguihua	发展规划	214113
fazhankongjian	发展空间	111660
fazhanqushi	发展趋势	191060
fazhanyouxiangongsi	发展有限公司	100195
fazhanzhanlve	发展战略	163990
fazhanzhong	发展中	170385
fazhanzhongguojia	发展中国家	143930
fazheng	发证	158460
fazhi	法治	180960
fazhi	法制	179999
fazuo	发作	126900
feibang	诽谤	129950
feichang	非常	501421
feichanghao	非常好	133465
feichangzhong	非常重	113140
feichangzhongyao	非常重要	115860
feicui	翡翠	137955
feifa	非法	2060497
feifan	非凡	118990
feiji	飞机	500279
feilipu	飞利浦	104970
feipang	肥胖	133110
feiwu	废物	103165
feixiang	飞翔	151025
feixing	飞行	256050
feiyang	飞扬	120235
feiyao	非要	104505
feiyong	费用	501057
feiyue	飞跃	107365
feizhi	废止	110210
feizhou	非洲	233435
fenbianlv	分辨率	382860
fenbie	分别	500859
fenbiewei	分别为	295585
fenbu	分布	500273
fenbu	分部	103430
fencheng	分成	211330
fendian	分店	100210
fendou	奋斗	197610
fene	份额	296090
fenfen	纷纷	500300
fenfu	吩咐	102765
fengbao	风暴	125710
fengbi	封闭	216080
fengcai	风采	213020
fenge	分割	364626
fengfu	丰富	500732
fengfuduocai	丰富多彩	143015
fengge	风格	500903
fengguang	风光	267325
fenghou	丰厚	138100
fenghua	风华	125223
fenghuang	凤凰	217310
fengjian	封建	114710
fengjing	风景	461585
fengjingqu	风景区	142360
fengkuang	疯狂	392340
fengmi	蜂蜜	134570
fengmian	封面	144115
fengong	分工	193330
fengongsi	分公司	500274
fengqing	风情	241150
fengshan	风扇	120910
fengshui	风水	140750
fengtian	丰田	144160
fenguan	分管	145245
fengwei	风味	157410
fengxian	风险	500623
fengxian	奉献	259655
fengxiantouzi	风险投资	121380
fengyu	风雨	171260
fengyun	风云	215110
fengzhuang	封装	183832
fengzi	疯子	120195
fenhang	分行	171835
fenhui	分会	162670
fenji	分级	138860
fenjie	分解	234695
fenju	分居	112083
fenkai	分开	264330
fenlei	分类	500766
fenli	分离	400660
fenlie	分裂	127445
fenmi	分泌	186665
fenming	分明	119650
fennu	愤怒	206605
fenpei	分配	500316
fenqu	分区	290350
fensan	分散	264835
fenshou	分手	183700
fenshu	分数	290545
fensi	粉丝	114010
fenwei	分为	500370
fenxi	分析	501559
fenxiang	分享	723186
fenxiao	分销	124315
fenxishi	分析师	137600
fenye	分页	209995
fenzhi	分支	109040
fenzhi	分值	101445
fenzhijigou	分支机构	190090
fenzhong	分钟	501027
fenzi	分子	281730
fenzu	分组	147715
fofa	佛法	123090
fojiao	佛教	308415
foshan	佛山	224710
foshanshi	佛山市	139095
fouding	否定	192895
fouren	否认	153690
fouze	否则	500613
fubai	腐败	232040
fuben	副本	226040
fubu	腹部	135095
fubuzhang	副部长	152915
fucha	复查	103265
fuchi	扶持	359885
fuchu	付出	377535
fucong	服从	172000
fudai	附带	102785
fudan	负担	434405
fudao	辅导	358515
fudong	浮动	126231
fudu	幅度	234065
fufei	付费	152090
fufu	夫妇	213600
fugai	覆盖	482995
fugui	富贵	106905
fuhan	富含	115875
fuhao	符号	261105
fuheguojia	符合国家	121140
fuhetiaojian	符合条件	103600
fuhuizhang	副会长	141135
fujia	附加	287070
fujian	附件	500480
fujian	福建	500297
fujiansheng	福建省	339870
fujiaoshou	副教授	162570
fujin	附近	500409
fujuzhang	副局长	185185
fukuan	付款	361505
fukuanfangshi	付款方式	199675
fuli	福利	222365
fulu	附录	110505
fumishuzhang	副秘书长	102285
fumu	父母	500635
funv	妇女	500317
fupin	扶贫	239281
fuqi	夫妻	311685
fuqin	父亲	500518
furen	夫人	313690
fushe	辐射	258640
fushi	服饰	310520
fushi	服侍	123150
fushi	腐蚀	106585
fushizhang	副市长	160095
fushu	附属	117865
fushuji	副书记	200735
fusuozhang	副所长	154850
futianqu	福田区	124785
fuwu	服务	1386428
fuwufei	服务费	124570
fuwujigou	服务机构	126855
fuwuqi	服务器	500960
fuwurexian	服务热线	220630
fuwushang	服务商	143220
fuwutiaokuan	服务条款	114020
fuwuxiangmu	服务项目	131590
fuwuye	服务业	253175
fuwuyu	服务于	160515
fuwuyuan	服务员	168505
fuwuzhiliang	服务质量	158095
fuwuzhongxin	服务中心	292000
fuxi	复习	388635
fuxie	腹泻	112110
fuxing	复兴	100100
fuyin	复印	122400
fuyinjian	复印件	482945
fuyong	服用	324835
fuyou	富有	342805
fuyou	负有	120725
fuyu	赋予	260840
fuyu	富裕	136890
fuyuanzhang	副院长	130985
fuza	复杂	500401
fuzai	负载	111350
fuze	负责	501709
fuze	附则	133945
fuzeren	负责人	500555
fuzhai	负债	137500
fuzhi	复制	500359
fuzhou	福州	356265
fuzhoushi	福州市	110105
fuzhu	辅助	325025
fuzhuang	服装	500453
fuzhuren	副主任	392570
fuzhuxi	副主席	237820
fuzongcai	副总裁	150480
fuzongjingli	副总经理	156715
fuzuoyong	副作用	100385
gaibian	改变	500843
gaibian	改编	123290
gaibianle	改变了	224420
gaicheng	改成	120150
gaidong	改动	117740
gaige	改革	4468819
gaigekaifang	改革开放	261105
gaigongsi	该公司	447660
gaiji	该机	113185
gaijian	改建	117635
gaijin	改进	500382
gaikuang	概况	202160
gaikuo	概括	216220
gailiang	改良	124175
gailun	概论	173620
gailv	概率	135950
gainian	概念	500581
gaiqiye	该企业	233190
gairuanjian	该软件	238730
gairuhe	该如何	114610
gaishan	改善	500600
gaishi	该是	136550
gaishi	该市	102905
gaishu	概述	224190
gaiwei	改为	399395
gaixiang	该项	211670
gaixiangmu	该项目	158570
gaixiao	该校	120365
gaizao	改造	500406
gaizhang	盖章	179620
gaizheng	改正	400210
gaizhi	改制	176970
gaizhuang	改装	140445
ganbu	干部	500478
gancui	干脆	177600
gandao	感到	500538
gandao	赶到	194680
gande	干的	102805
gandong	感动	333970
ganga	尴尬	245660
gangcai	刚才	500291
ganggang	刚刚	500344
gangguan	钢管	113890
ganghao	刚好	140015
gangkaishi	刚开始	143705
gangkou	港口	311050
gangqin	钢琴	192435
gangtie	钢铁	227465
gangwei	岗位	500404
gangyao	刚要	129280
gangyuan	港元	131665
ganji	感激	158115
ganjin	赶紧	333860
ganjing	干净	345755
ganjue	感觉	501347
ganjuedao	感觉到	304420
gankai	感慨	140760
gankuai	赶快	204400
ganmao	感冒	190735
ganqing	感情	500436
ganran	感染	500301
ganrao	干扰	316905
ganshenme	干什么	202280
ganshou	感受	500450
ganshoudao	感受到	252450
gansu	甘肃	230780
gansusheng	甘肃省	127585
gantan	感叹	137310
ganwu	感悟	134035
ganxie	感谢	500391
ganxing	感性	111575
ganxingqu	感兴趣	193980
ganxingqude	感兴趣的	160110
ganying	感应	120225
ganyu	干预	162115
ganyu	敢于	148040
ganzang	肝脏	110580
ganzao	干燥	341635
ganzhi	感知	104230
gaobie	告别	144110
gaoceng	高层	325205
gaocengci	高层次	108365
gaochao	高潮	245440
gaochu	高出	165330
gaoda	高大	116565
gaodang	高档	414790
gaode	高的	441425
gaode	搞得	105360
gaodeng	高等	119350
gaodengjiaoyu	高等教育	290445
gaodengxuexiao	高等学校	324135
gaodengyuanxiao	高等院校	130160
gaodi	高低	223425
gaodu	高度	500444
gaoduan	高端	287875
gaoduzhongshi	高度重视	340765
gaoer	高二	114490
gaoerfu	高尔夫	198620
gaofeng	高峰	195765
gaogao	高高	101355
gaogui	高贵	160585
gaohao	搞好	320070
gaoji	高级	500602
gaojian	稿件	229375
gaojihuiyuan	高级会员	157320
gaokao	高考	419405
gaokeji	高科技	292995
gaopinzhi	高品质	117365
gaoqing	高清	103445
gaosan	高三	142530
gaoshan	高山	153515
gaoshou	高手	488480
gaosu	告诉	500626
gaosu	高速	500273
gaosugonglu	高速公路	302440
gaosuni	告诉你	254800
gaosuta	告诉他	166655
gaosuwo	告诉我	359875
gaosuwomen	告诉我们	198950
gaosuzhi	高素质	178500
gaowei	高位	103135
gaowen	高温	248450
gaoxiaobiyesheng	高校毕业生	110465
gaoxiaode	高效的	176600
gaoxing	高兴	285695
gaoxingneng	高性能	153570
gaoxinjishu	高新技术	195090
gaoxinjishuchanye	高新技术产业	101175
gaoxinjishuqiye	高新技术企业	128360
gaoxinqu	高新区	129545
gaoya	高压	221835
gaoya	高雅	117795
gaoyi	高一	124405
gaoyu	高于	401050
gaoyuan	高原	166290
gaozhi	告知	422155
gaozhi	高职	109370
gaozhiliang	高质量	129570
gaozhiliangde	高质量的	123820
gaozhong	高中	500291
gebie	个别	318840
gebo	胳膊	100065
gebumen	各部门	365710
gechang	歌唱	101690
geci	歌词	315155
geci	个词	113725
geda	各大	310480
gedanwei	各单位	279770
gedi	各地	500580
gediqu	各地区	141430
gefang	各方	442150
gefangmian	各方面	217205
gege	各个	500349
gege	哥哥	416715
gege	个个	124070
gegu	个股	141495
geguo	各国	362260
geichu	给出	250925
geidajia	给大家	188580
geile	给了	272970
geini	给你	500352
geinin	给您	307260
geiren	给人	327020
geita	给他	500267
geita	给她	275100
geitamen	给他们	141605
geiwo	给我	500468
geiwomen	给我们	291720
geiziji	给自己	233970
geji	各级	500409
gejie	各界	171445
gejirenminzhengfu	各级人民政府	103825
gejizhengfu	各级政府	162620
geju	格局	380380
gelei	各类	500827
geli	隔离	205455
gemi	歌迷	114425
geming	革命	467815
gemingde	革命的	132615
genben	根本	500589
genbenbu	根本不	189835
genbenliyi	根本利益	102970
gengbu	更不	160395
gengda	更大	500268
gengduo	更多	501382
gengduoderen	更多的人	101590
gengduoxinxi	更多信息	158775
genggai	更改	415800
genggao	更高	463930
genghao	更好	339395
genghaode	更好的	500256
genghaode	更好地	397335
genghekuang	更何况	105955
genghuan	更换	500266
gengjia	更加	500714
gengju	更具	135095
gengkuai	更快	233955
gengneng	更能	157550
gengqiang	更强	129925
gengrongyi	更容易	153740
gengshen	更深	133785
gengshi	更是	500530
gengwei	更为	500276
gengxin	更新	500729
gengxinriqi	更新日期	159895
gengxinshijian	更新时间	500515
gengyao	更要	164015
gengyou	更有	403170
gengyouhui	更优惠	114695
gengzheng	更正	113360
gengzhongyao	更重要	212790
genju	根据	502616
genni	跟你	166240
gensui	跟随	142850
genta	跟他	155155
genwo	跟我	223480
genyuan	根源	117700
genzhe	跟着	340140
genzong	跟踪	367360
gequ	歌曲	500354
geren	个人	501864
gerenguandian	个人观点	173395
gerensuodeshui	个人所得税	100205
gerenxinxi	个人信息	138060
gerenyijian	个人意见	225690
gerenziliao	个人资料	144355
gesheng	歌声	147790
geshi	格式	500513
geshi	各市	140480
geshide	格式的	223300
geshou	歌手	500316
geshu	个数	108245
geti	个体	370500
getigongshanghu	个体工商户	100100
gewai	格外	146970
gewei	各位	500347
gewu	歌舞	102860
gexia	阁下	103185
gexian	各县	133655
gexiang	各项	500527
gexianggongzuo	各项工作	284780
gexing	个性	500390
gexinghua	个性化	310235
geyou	各有	209630
geyue	个月	500529
gezhong	各种	501891
gezhonggeyang	各种各样	157700
gezi	各自	406715
gezide	各自的	240615
gongan	公安	268320
gonganbu	公安部	133800
gonganjiguan	公安机关	434650
gonganju	公安局	261495
gongbu	公布	500583
gongbule	公布了	128320
gongchandang	共产党	158400
gongchandangyuan	共产党员	381175
gongchang	工厂	500268
gongcheng	工程	501513
gongchengjianshe	工程建设	218610
gongchengshi	工程师	500303
gongchengxiangmu	工程项目	141940
gongchengzhiliang	工程质量	115480
gongde	功德	104580
gongdi	工地	116490
gongdian	供电	273875
gongfen	公分	102715
gongfu	功夫	343745
gongfu	工夫	110835
gonggao	公告	500570
gonggong	公共	489330
gonggongfuwu	公共服务	139495
gonggongweisheng	公共卫生	116465
gonggu	巩固	374500
gongguan	公关	141535
gonghang	工行	120390
gongheguo	共和国	126250
gonghuo	供货	166225
gongji	攻击	500441
gongji	供给	238495
gongji	共计	219160
gongjian	共建	132315
gongjiao	公交	221290
gongjiaoche	公交车	134790
gongjide	攻击的	106810
gongjin	公斤	500347
gongju	工具	500964
gongkai	公开	500512
gongli	公里	500583
gongli	功力	123395
gonglu	公路	500370
gonglv	功率	268490
gonglve	攻略	103785
gongmin	公民	500325
gongneng	功能	502462
gongnengqiangda	功能强大	136185
gongping	公平	436770
gongqing	公顷	204955
gongqingtuan	共青团	152250
gongqiu	供求	139020
gongqiuxinxi	供求信息	136860
gongre	供热	103565
gongren	工人	419250
gongrende	公认的	103240
gongshang	工商	282960
gongshang	工伤	114390
gongshangbaoxian	工伤保险	103120
gongshangju	工商局	126360
gongshangxingzhengguanli	工商行政管理	226200
gongshangyinhang	工商银行	104240
gongshi	公示	242500
gongshi	公式	206515
gongshi	共识	161800
gongshui	供水	184325
gongsi	公司	1321922
gongsidizhi	公司地址	380500
gongsidongshihui	公司董事会	302009
gongsifa	公司法	111955
gongsijianjie	公司简介	233430
gongsimingcheng	公司名称	351875
gongsizhai	公司债	131398
gongsizhangcheng	公司章程	103170
gongtong	共同	500824
gongtongfazhan	共同发展	132370
gongtongnuli	共同努力	140820
gongtongsuoyou	共同所有	167075
gongwen	公文	109200
gongwuyuan	公务员	500360
gongxian	贡献	500500
gongxiang	共享	500507
gongxiangban	共享版	232485
gongxiangruanjian	共享软件	162485
gongxianzhi	贡献值	500737
gongxiao	功效	386300
gongxu	工序	151740
gongxun	功勋	162110
gongyang	供养	122445
gongye	工业	500661
gongyehua	工业化	232540
gongyeqiye	工业企业	124665
gongyequ	工业区	192305
gongyeyuan	工业园	127990
gongyeyuanqu	工业园区	126300
gongyi	工艺	500451
gongyi	公益	214910
gongying	供应	500645
gongyinglian	供应链	160830
gongyingshang	供应商	500298
gongyipin	工艺品	188835
gongyixing	公益性	108715
gongyong	公用	135360
gongyong	共用	113725
gongyou	共有	500672
gongyu	公寓	317645
gongyuan	公园	488385
gongyuan	公元	213810
gongyuanqian	公元前	100690
gongyue	公约	169225
gongzhang	公章	137240
gongzheng	公正	292840
gongzheng	公证	176275
gongzhong	公众	473740
gongzhu	公主	338585
gongzi	工资	500416
gongzi	公子	186910
gongzuo	工作	506154
gongzuodanwei	工作单位	101180
gongzuodidian	工作地点	246540
gongzuohuanjing	工作环境	120040
gongzuohuiyi	工作会议	126545
gongzuojingli	工作经历	122565
gongzuojingyan	工作经验	407090
gongzuorenyuan	工作人员	500466
gongzuori	工作日	204135
gongzuorinei	工作日内	217240
gongzuoshi	工作室	231405
gongzuoshi	工作时	113760
gongzuoshijian	工作时间	186920
gongzuoxiaolv	工作效率	103475
gongzuozhan	工作站	133515
gongzuozhe	工作者	249535
gongzuozhong	工作中	500255
gongzuozu	工作组	106035
goucheng	构成	500429
gouchengfanzui	构成犯罪	269155
gouchengle	构成了	142400
goufang	购房	225280
goufangzhe	购房者	127325
gougou	狗狗	127760
goujian	构建	500305
goujianhexieshehui	构建和谐社会	102065
goumai	购买	501088
goumaile	购买了	102975
gousi	构思	114965
goutong	沟通	500517
gouwu	购物	500347
gouwuche	购物车	209760
gouzao	构造	192455
gouzaohanshu	构造函数	113104
gouzhi	购置	137705
gouzhu	构筑	132385
guagou	挂钩	126905
guaiwu	怪物	230980
guanai	关爱	185455
guanbi	关闭	500488
guance	观测	113065
guancha	观察	500431
guanche	贯彻	366605
guancheluoshi	贯彻落实	212820
guanchezhixing	贯彻执行	105670
guanchuan	贯穿	109555
guandao	管道	334400
guandian	观点	500620
guanfang	官方	374180
guanfangwangzhan	官方网站	144715
guangbo	广播	351540
guangbodianshi	广播电视	175550
guangcai	光彩	101075
guangchang	广场	500379
guangda	广大	500528
guangdian	光电	109900
guangdong	广东	500656
guangdongsheng	广东省	500368
guangfan	广泛	500429
guangfande	广泛的	307220
guanggao	广告	501618
guanggaofuwu	广告服务	107840
guanggaogongsi	广告公司	119425
guanggaowei	广告位	171230
guanghua	光滑	151160
guanghui	光辉	120230
guangkuo	广阔	249400
guanglin	光临	178000
guangmang	光芒	201590
guangming	光明	273825
guangpan	光盘	500281
guangqu	光驱	242420
guangquan	光圈	108325
guangrong	光荣	149765
guanguang	观光	133840
guangxi	广西	500281
guangxian	光线	219645
guangxian	光纤	178435
guangxue	光学	239325
guangyuan	光源	107885
guangze	光泽	127650
guangzhou	广州	500887
guangzhoushi	广州市	500304
guanhuai	关怀	212560
guanji	关机	138565
guanjian	关键	500517
guanjianci	关键词	500257
guanjianshi	关键是	176580
guanjianzi	关键字	407590
guanjie	关节	157895
guanjun	冠军	379030
guankan	观看	500276
guanli	管理	503565
guanlian	关联	203640
guanlibanfa	管理办法	423565
guanlibu	管理部	110090
guanlibumen	管理部门	331625
guanliceng	管理层	151885
guanlichu	管理处	124190
guanlifei	管理费	107215
guanligongzuo	管理工作	359640
guanliguiding	管理规定	129020
guanlijigou	管理机构	230630
guanliju	管理局	318385
guanlilei	管理类	110975
guanlimoshi	管理模式	127305
guanliren	管理人	120310
guanlirenyuan	管理人员	445325
guanliruanjian	管理软件	125800
guanlishuiping	管理水平	132335
guanlitiaoli	管理条例	178480
guanlitixi	管理体系	107330
guanlitizhi	管理体制	133980
guanlixitong	管理系统	317820
guanlixue	管理学	120190
guanliyuan	管理员	500895
guanlizhe	管理者	362380
guanlizhidu	管理制度	254435
guanlizhongxin	管理中心	152005
guannian	观念	500413
guanshang	观赏	186600
guanshui	灌水	416535
guanshui	关税	114085
guanweihui	管委会	110850
guanxi	关系	501488
guanxia	管辖	247665
guanxian	管线	103290
guanxidao	关系到	161440
guanxin	关心	500344
guanxinde	关心的	156680
guanyu	关于	501823
guanyuan	官员	353920
guanyujiaqiang	关于加强	102560
guanzhi	管制	139905
guanzhong	观众	500378
guanzhu	关注	500876
guapai	挂牌	134475
guazai	挂在	138640
gucheng	古城	175870
gudai	古代	342415
gudian	古典	183740
guding	固定	500321
gudingde	固定的	160970
gudingzichan	固定资产	326845
gudingzichantouzi	固定资产投资	107245
gudong	股东	500331
gudongdahui	股东大会	184950
gudu	孤独	312030
gufen	股份	467855
gufenyouxiangongsi	股份有限公司	500306
gufenzhi	股份制	102410
gugan	骨干	193605
guibin	贵宾	348635
guicheng	规程	120220
guidang	归档	108925
guidao	轨道	191940
guiding	规定	502969
guidingle	规定了	131660
guifan	规范	3247208
guifanhua	规范化	259115
guifanxing	规范性	104607
guige	规格	500588
guigongsi	贵公司	121995
guihua	规划	500930
guihuan	归还	174946
guiju	规矩	109685
guilai	归来	111800
guilin	桂林	237530
guilv	规律	500289
guimo	规模	500637
guimozuida	规模最大	114100
guina	归纳	135910
guishu	归属	122865
guitai	柜台	119355
guiyang	贵阳	150360
guize	规则	500479
guizhang	规章	262770
guizhangzhidu	规章制度	172190
guizhou	贵州	347005
guizhousheng	贵州省	134835
guizu	贵族	188685
guji	估计	500294
gujia	股价	229150
gujia	估价	122295
guke	顾客	500506
gulao	古老	233085
guli	鼓励	500526
gundong	滚动	164925
guniang	姑娘	422980
guochan	国产	383390
guochanruanjian	国产软件	250190
guocheng	过程	501018
guochengzhong	过程中	501121
guochengzhongde	过程中的	189610
guocuo	过错	115850
guoda	过大	156545
guode	过的	500374
guodu	过度	225030
guodu	过渡	194940
guoduo	过多	258775
guofang	国防	174395
guofen	过分	200870
guogao	过高	174850
guohou	过后	235915
guoji	国际	501471
guojia	国家	502901
guojiaanquan	国家安全	418214
guojiabiaozhun	国家标准	193725
guojiafalv	国家法律	372102
guojiaguiding	国家规定	196395
guojiaji	国家级	352285
guojiajiguan	国家机关	144070
guojiazhuxi	国家主席	103505
guojibiaozhun	国际标准	110945
guojihua	国际化	290280
guojimaoyi	国际贸易	172245
guojishang	国际上	109610
guojishichang	国际市场	204525
guoke	过客	148775
guolai	过来	500362
guole	过了	500288
guolu	锅炉	166130
guolv	过滤	306705
guomin	国民	183070
guomin	过敏	117655
guomindang	国民党	166460
guominjingji	国民经济	297105
guonei	国内	501215
guoneishichang	国内市场	113290
guoneiwai	国内外	500303
guoqi	过期	101455
guoqing	国庆	116425
guoqing	国情	114985
guoqu	过去	500769
guoqule	过去了	179905
guoran	果然	331980
guoren	国人	177675
guoshi	果实	116775
guotu	国土	138075
guotuziyuan	国土资源	107565
guotuziyuanbu	国土资源部	110010
guowai	国外	500482
guowang	国王	236745
guowuyuan	国务院	500637
guoyou	国有	346585
guoyougu	国有股	115613
guoyouqiye	国有企业	284695
guoyouzichan	国有资产	223200
guoyu	过于	359765
guoyu	国语	274480
guozhai	国债	134095
gupiao	股票	500321
guquan	股权	293950
guran	固然	108245
guren	古人	158690
gushi	故事	500690
gushi	股市	238390
gusuan	估算	112475
guti	固体	107465
gutou	骨头	128495
guwen	顾问	406525
guxiang	故乡	140495
guyi	故意	355560
guyuan	雇员	125755
guzhang	故障	466190
guzhu	雇主	110300
haerbin	哈尔滨	342245
haerbinshi	哈尔滨市	104395
haha	哈哈	500363
haiba	海拔	229070
haibao	海报	125615
haibaokuo	还包括	130275
haibixu	还必须	105950
haibu	还不	444020
haibucuo	还不错	101955
haiburu	还不如	100650
haibushi	还不是	122110
haidei	还得	188760
haidianqu	海淀区	281370
haiguan	海关	465555
haihao	还好	195655
haihen	还很	110040
haihui	还会	470450
haijiang	还将	294455
haijun	海军	177090
haike	还可	308300
haikeyi	还可以	500386
haikou	海口	193540
haimai	还买	300300
haimei	还没	500301
haimeiyou	还没有	500434
hainan	海南	415005
haineiwai	海内外	135955
haineng	还能	500251
haipa	害怕	361890
haishang	海上	200270
haishi	还是	502434
haishihen	还是很	128485
haishiyao	还是要	136435
haishiyou	还是有	138870
haishizai	还是在	152300
haishui	海水	158580
haishuo	还说	121855
haiwai	海外	441885
haiwei	还未	190305
haiwei	还为	115745
haixian	海鲜	309902
haixu	还需	134015
haixuyao	还需要	208005
haiyang	海洋	409425
haiyao	还要	500565
haiying	还应	275290
haiyou	还有	501908
haiyouhenduo	还有很多	123500
haiyoushenme	还有什么	115640
haiyouyige	还有一个	238760
haiyouyixie	还有一些	133005
haiyu	海域	134060
haizai	还在	500346
haizhen	还真	197915
haizi	孩子	501479
haizimen	孩子们	285260
hangai	涵盖	192400
hangban	航班	203590
hangkong	航空	307890
hangkonggongsi	航空公司	232970
hanglie	行列	145775
hangqing	行情	424945
hangtian	航天	100535
hanguo	韩国	500496
hangxian	航线	136910
hangye	行业	535867
hangyebiaozhun	行业标准	102040
hangyefazhan	行业发展	102410
hangyexiehui	行业协会	207630
hangzhou	杭州	500498
hangzhoushi	杭州市	243855
hanhua	汉化	125660
hanjie	焊接	172570
hanleng	寒冷	152065
hanliang	含量	500259
hanshu	函数	400000
hanyou	含有	500291
hanyu	汉语	207750
hanzi	汉字	225450
hanzu	汉族	172000
haoa	好啊	148410
haoba	好吧	128715
haobuhao	好不好	102090
haocai	耗材	117495
haocheng	号称	138080
haochi	好吃	137655
haochu	好处	356080
haode	好的	500784
haodongxi	好东西	113630
haoduo	好多	270260
haohua	豪华	391495
haohuai	好坏	136330
haokan	好看	190700
haoke	毫克	143515
haolaiwu	好莱坞	106570
haole	好了	500313
haoma	好吗	100000
haomi	毫米	311685
haomiao	毫秒	172360
haopengyou	好朋友	140940
haoping	好评	239925
haopingdu	好评度	500308
haoqi	好奇	134510
haoren	好人	124460
haosheng	毫升	149285
haoshi	好事	177930
haowan	好玩	130545
haowu	毫无	285920
haoxiang	好像	500361
haoyou	好友	500253
haozai	好在	136590
haozhao	号召	124270
hebei	河北	500270
hebeisheng	河北省	304020
hebi	何必	110935
hebing	合并	436750
hecheng	合成	333675
hechu	何处	121480
hedao	河道	130475
heding	核定	195560
hedui	核对	153955
hefa	合法	429000
hefa	核发	133685
hefaquanyi	合法权益	500255
hefaxing	合法性	329740
hefei	合肥	264435
hefeishi	合肥市	128730
hege	合格	500357
hehe	呵呵	500636
hehu	呵护	102315
hehuoren	合伙人	111020
heian	黑暗	332580
heibai	黑白	186170
heihei	嘿嘿	363610
heike	黑客	227580
heilongjiang	黑龙江	290865
heilongjiangsheng	黑龙江省	184645
heise	黑色	500339
hejin	合金	150855
hejiu	喝酒	222580
hekuang	何况	148790
helan	荷兰	218305
hele	喝了	138505
heli	合理	500401
heli	合力	139200
helide	合理的	414900
heliu	河流	186185
henan	河南	500318
henansheng	河南省	347765
henbucuo	很不错	116320
henchang	很长	175220
henchangne	很长呢	175220
henda	很大	500628
hendaa	很大啊	500628
hendi	很低	129330
henduo	很多	501651
henduoren	很多人	456325
hengao	很高	440720
hengaoxing	很高兴	105150
hengliang	衡量	174630
hengxiang	横向	130250
henhao	很好	500592
heni	和你	288185
henji	痕迹	201025
henjiandan	很简单	229650
henjiu	很久	189470
henkeneng	很可能	184860
henkuai	很快	500465
henmingxian	很明显	102535
hennan	很难	500365
henqiang	很强	293455
henrongyi	很容易	400880
henshao	很少	500289
henshi	很是	152100
henxiang	很想	114375
henxiao	很小	215220
henxihuan	很喜欢	111260
henyou	很有	409675
henzhong	很重	180375
henzhongyao	很重要	143220
heping	和平	365335
heshang	和尚	208485
heshi	合适	462825
heshi	核实	241120
heshi	何时	188975
heta	和他	500254
heta	和她	227785
hetao	核桃	166694
hetong	合同	500738
hetongyangben	合同样本	299130
hetongyueding	合同约定	115474
hewo	和我	453000
hexian	和弦	121390
hexiangguan	和相关	161920
hexie	和谐	500369
hexieshehui	和谐社会	101335
hexin	核心	500425
hexinjingzhengli	核心竞争力	125060
heyue	合约	202720
hezhong	何种	144585
hezhun	核准	304935
hezu	合租	480395
hezuo	合作	501289
hezuoguanxi	合作关系	115615
hezuohuoban	合作伙伴	330035
hongbao	红包	144047
hongguan	宏观	124415
hongguantiaokong	宏观调控	528763
hongjun	红军	170130
hongloumeng	红楼梦	106640
hongqi	红旗	134735
hongse	红色	500296
hongshi	红柿	145302
hongshui	洪水	125095
hongwai	红外	123815
hongyang	弘扬	177945
houdu	厚度	207095
houfang	后方	129600
houguo	后果	354335
houhui	后悔	232770
houhui	后会	105335
houjiang	后将	267000
houlai	后来	500758
houmian	后面	500368
houqi	后期	298310
houqin	后勤	106260
houren	后人	111035
houtai	后台	198910
houxu	后续	171750
houxuan	候选	283555
houxuanren	候选人	147650
houyou	后由	301660
houyou	后又	125665
houzhe	后者	305235
houzi	猴子	124205
huabei	华北	110800
huade	画的	119780
huade	画得	112030
huaduo	花朵	112355
huafei	花费	235610
huafei	化肥	145195
huafen	划分	343165
huagong	化工	445245
huahui	花卉	202145
huaili	怀里	173205
huainian	怀念	127495
huaiyi	怀疑	463040
huaiyun	怀孕	213525
huajia	画家	191185
huajie	化解	156595
huali	华丽	200710
huamian	画面	500346
huanan	华南	109935
huanbao	环保	500423
huancheng	换成	111890
huancun	缓存	177455
huangdi	皇帝	369115
huangdou	黄豆	102012
huangfeng	黄蜂	118861
huanghe	黄河	264210
huanghou	皇后	133320
huanghun	黄昏	104715
huangjia	皇家	113070
huangjin	黄金	500257
huangjinzhou	黄金周	104010
huangse	黄色	283775
huangshang	皇上	131320
huangye	黄页	121865
huanhuan	缓缓	171840
huanjie	环节	500343
huanjie	缓解	290325
huanjing	环境	501634
huanjingbaohu	环境保护	421265
huanjingwuran	环境污染	109960
huankuan	还款	126695
huanle	欢乐	232810
huanle	换了	157210
huanman	缓慢	194620
huanqiu	环球	186290
huanxi	欢喜	119215
huanxiang	幻想	253370
huanying	欢迎	500850
huanying	幻影	130315
huanyingdajia	欢迎大家	180410
huanyingguanglin	欢迎光临	229615
huanyingnin	欢迎您	367215
huanyou	患有	127520
huanyuan	还原	184950
huanzhe	患者	500590
huaqian	花钱	142170
huaren	华人	219430
huasheng	花生	109365
huashuo	话说	172520
huashuo	华硕	127435
huati	话题	500439
huawei	化为	121640
huaxia	华夏	204920
huaxue	化学	500274
huaxue	滑雪	128935
huaxuepin	化学品	103470
huayu	话语	167365
huayuan	花园	500282
huazhuang	化妆	164320
huazhuangpin	化妆品	400000
hubei	湖北	500253
hubeisheng	湖北省	301505
hudie	蝴蝶	175410
hudong	互动	500287
huhuan	呼唤	118010
huiba	会把	169350
huibao	汇报	692029
huibao	回报	367050
huibei	会被	344785
huibi	回避	442118
huibi	会比	104565
huibuhui	会不会	231695
huichang	会场	102220
huichen	灰尘	129835
huichuxian	会出现	217315
huida	回答	500615
huidao	回到	500345
huidaole	回到了	133710
huide	会的	500351
huifu	回复	501774
huifu	恢复	500443
huifuriqi	回复日期	220845
huigei	会给	193560
huigeng	会更	103690
huigu	回顾	222535
huigui	回归	218115
huiguo	回国	124995
huihen	会很	133570
huihuang	辉煌	246145
huijia	回家	500295
huijiang	会将	181035
huikuan	汇款	422335
huilai	回来	500295
huilaide	回来的	122525
huilaile	回来了	124965
huilu	贿赂	235133
huiluo	回落	131565
huilv	汇率	122265
huimie	毁灭	120540
huipu	惠普	154230
huiqu	回去	356970
huiqu	会去	104120
huirang	会让	253635
huise	灰色	154100
huishang	会上	404320
huishi	会使	287505
huishi	会是	238820
huishou	回收	366070
huishuo	会说	128080
huitie	回帖	224040
huitong	会同	253800
huitou	回头	243475
huiyi	会议	500859
huiyi	回忆	415765
huiying	回应	249530
huiyingxiang	会影响	103990
huiyishang	会议上	179570
huiyishi	会议室	171075
huiyou	会有	500381
huiyuan	会员	502161
huiyuanjia	会员价	501290
huizai	会在	500270
huizhan	会展	152970
huizhang	会长	197965
huizhi	绘制	159000
huizhou	惠州	103130
huizong	汇总	219395
huji	户籍	117430
hujiao	呼叫	105990
hujintao	胡锦涛	130060
hukou	户口	222085
huli	护理	354265
huli	狐狸	103735
hulian	互联	383920
hulianwang	互联网	500718
hulve	忽略	138550
huming	户名	158380
hunan	湖南	500303
hunansheng	湖南省	278300
hunhe	混合	374370
hunli	婚礼	245370
hunluan	混乱	282410
hunningtu	混凝土	195730
hunshen	浑身	142985
hunyin	婚姻	493415
huoban	伙伴	224740
huobi	货币	378105
huoche	火车	297820
huochezhan	火车站	249385
huodaofukuan	货到付款	160205
huodele	获得了	349225
huodong	活动	502834
huodongzhong	活动中	393670
huoguo	火锅	324863
huojian	火箭	194055
huojiang	获奖	246320
huokuan	货款	146265
huoli	活力	408775
huoli	获利	125720
huopo	活泼	118905
huoqi	或其	150735
huoqita	或其他	366225
huoqu	获取	500322
huoshi	或是	500394
huowu	货物	500392
huoxi	获悉	243860
huoxing	火星	106240
huoxu	或许	500286
huoyan	火焰	169335
huoyi	或以	171100
huoyou	或有	166635
huoyue	活跃	395720
huoyun	货运	143040
huozhe	或者	504213
huozheqita	或者其他	351045
huozheshi	或者是	301725
huozheshuo	或者说	151615
hupo	湖泊	118490
huran	忽然	499565
hushi	护士	192660
hushi	忽视	172625
huwai	户外	281600
huxi	呼吸	378165
huxiang	互相	456855
huxing	户型	220985
huyu	呼吁	143785
huzhao	护照	167315
huzhu	互助	124620
jiaban	加班	131370
jiabin	嘉宾	231305
jiachan	家产	158509
jiada	加大	500456
jiadale	加大了	105965
jiadian	家电	316155
jiafang	甲方	433660
jiagai	加盖	198075
jiage	价格	502881
jiagong	加工	500618
jiagou	架构	279010
jiahe	家和	177060
jiahuo	家伙	209390
jiajiao	家教	151595
jiaju	家具	500352
jiaju	加剧	155140
jiakuai	加快	500534
jiakuaifazhan	加快发展	152515
jiakuan	价款	143035
jiale	加了	129260
jiali	家里	500383
jiameng	加盟	500326
jiami	加密	250370
jianada	加拿大	403935
jianbang	肩膀	153880
jianbian	简便	119395
jianbie	鉴别	138175
jianbing	兼并	161673
jiancai	建材	390480
jiance	检测	500548
jiance	监测	500259
jiancha	检查	580138
jiancha	监察	161075
jianchayuan	检察院	105265
jiancheng	建成	500267
jiancheng	简称	321255
jianchi	坚持	500997
jiandan	简单	501018
jiandao	见到	500270
jianding	鉴定	500313
jianding	坚定	180525
jiandu	监督	3393811
jianduguanli	监督管理	410145
jiandui	舰队	117125
jiandujiancha	监督检查	299670
jianeng	佳能	133305
jianfei	减肥	360895
jiangbei	将被	287805
jiangbu	将不	221820
jiangchengwei	将成为	216490
jiangcong	将从	127955
jiangdadao	将达到	132650
jiangdao	降到	119975
jiangde	讲的	131475
jiangdi	降低	500614
jiangdile	降低了	172870
jiangdui	将对	277385
jiange	间隔	135320
jianggai	将该	111695
jianghu	江湖	343110
jianghua	讲话	370555
jianghui	将会	500361
jiangjia	降价	207275
jiangjie	讲解	283440
jiangjin	奖金	343345
jiangjin	将近	149430
jiangjiu	讲究	211780
jiangjun	将军	389720
jianglai	将来	451070
jiangle	讲了	103830
jiangli	奖励	500419
jiangnan	江南	324340
jiangpin	奖品	143105
jiangqi	将其	500263
jiangshi	将是	322060
jiangshi	僵尸	256045
jiangshou	讲授	113020
jiangshu	讲述	232285
jiangsu	江苏	500419
jiangsusheng	江苏省	500277
jianguan	监管	500290
jianguo	见过	264655
jianguoma	见过吗	264655
jiangwei	将为	157230
jiangwo	将我	115750
jiangxi	江西	484170
jiangxiang	奖项	155255
jiangxisheng	江西省	244485
jiangxuejin	奖学金	167290
jiangyao	将要	129200
jiangyi	将以	197690
jiangyou	将有	246275
jiangyou	酱油	169116
jiangyou	将由	109860
jiangyu	将于	378965
jiangzai	将在	500406
jiangzemin	江泽民	19260817
jiangzemintongzhi	江泽民同志	19260817
jiangzhe	将这	148145
jiangzuo	讲座	299695
jianhua	简化	170870
jianjie	简介	500798
jianjie	间接	320700
jianjie	简洁	184435
jianjie	见解	133235
jianjue	坚决	374535
jiankang	健康	500982
jiankangfazhan	健康发展	223825
jiankong	监控	500262
jianku	艰苦	106780
jianli	建立	501593
jianli	简历	500276
jianlile	建立了	500266
jianliqi	建立起	210475
jianliyige	建立一个	147950
jianlizai	建立在	153195
jianmian	见面	267135
jianmian	减免	138660
jiannan	艰难	136480
jianpan	键盘	362900
jianqiang	坚强	177835
jianqing	减轻	324390
jianquan	健全	458185
jianquan	鉴权	444444
jianrong	兼容	218030
jianruo	减弱	115885
jianshao	减少	500759
jianshaole	减少了	172210
jianshe	建设	502611
jianshebu	建设部	277653
jianshedanwei	建设单位	165750
jianshegongcheng	建设工程	313845
jianshegongzuo	建设工作	101305
jianshen	健身	263950
jianshexiangmu	建设项目	339100
jiansheyongdi	建设用地	166785
jianshezhong	建设中	133045
jianshi	监视	173390
jianshide	坚实的	147240
jiansuo	检索	296085
jianta	见他	126770
jiantizhongwen	简体中文	328725
jianxi	见习	113180
jianxi	间隙	101105
jianxiao	减小	178075
jianxin	坚信	113640
jianyan	检验	500427
jianyao	简要	107905
jianyi	建议	501289
jianyi	简易	132560
jianyu	监狱	166085
jianyu	鉴于	164640
jianzao	建造	284850
jianzhi	简直	251725
jianzhu	建筑	500767
jianzhucailiao	建筑材料	105650
jianzhugongcheng	建筑工程	181795
jianzhumianji	建筑面积	332255
jianzhuwu	建筑物	315350
jianzhuye	建筑业	122630
jiaoan	教案	148570
jiaoao	骄傲	149975
jiaoban	搅拌	117270
jiaoben	脚本	271520
jiaobu	脚步	207160
jiaocai	教材	500480
jiaocha	交叉	168505
jiaocha	较差	114590
jiaochang	较长	159625
jiaoche	轿车	1424796
jiaocheng	教程	453520
jiaoda	较大	500322
jiaodade	较大的	362935
jiaodao	叫到	227325
jiaodao	叫道	130620
jiaodi	较低	243000
jiaodian	焦点	313320
jiaodu	角度	500464
jiaoduo	较多	320300
jiaoduode	较多的	130130
jiaofei	缴费	238480
jiaofu	交付	251040
jiaogao	较高	455115
jiaogaode	较高的	325005
jiaogei	交给	314210
jiaohao	较好	309270
jiaohaode	较好的	251195
jiaohu	交互	138080
jiaohuan	交换	463960
jiaohuanji	交换机	203055
jiaohui	教会	149455
jiaohuo	交货	112555
jiaokuai	较快	187355
jiaolian	教练	263605
jiaoliu	交流	500996
jiaoluo	角落	168395
jiaolv	焦虑	132575
jiaona	缴纳	494285
jiaona	交纳	256260
jiaonang	胶囊	211375
jiaoqiang	较强	272300
jiaoqu	郊区	118740
jiaoshao	较少	174880
jiaosheng	叫声	115950
jiaoshi	教师	501376
jiaoshi	教室	313665
jiaoshou	教授	500649
jiaotan	交谈	193235
jiaotang	教堂	127080
jiaotong	交通	500602
jiaotongbianli	交通便利	103620
jiaotongguanli	交通管理	120265
jiaotongshigu	交通事故	171595
jiaotongyunshu	交通运输	127360
jiaowang	交往	316400
jiaowei	较为	492585
jiaowo	叫我	183805
jiaoxia	脚下	162005
jiaoxiao	较小	163670
jiaoxue	教学	501024
jiaoxuefangfa	教学方法	107045
jiaoxueneirong	教学内容	121265
jiaoxuezhiliang	教学质量	119705
jiaoxun	教训	215390
jiaoyanshi	教研室	112360
jiaoyi	交易	500816
jiaoyisuo	交易所	177535
jiaoyou	交友	182970
jiaoyu	教育	502007
jiaoyubu	教育部	495700
jiaoyugongzuo	教育工作	121550
jiaoyuhuodong	教育活动	182435
jiaoyujiaoxue	教育教学	226145
jiaoyuju	教育局	222405
jiaoyupeixun	教育培训	179495
jiaoyushiye	教育事业	112530
jiaoyuting	教育厅	100455
jiaozhigong	教职工	159135
jiaozhong	较重	109315
jiaozuo	叫作	299785
jiaqi	假期	145535
jiaqian	价钱	152035
jiaqiang	加强	501541
jiaquan	甲醛	128285
jiare	加热	218735
jiaren	家人	348935
jiari	假日	129540
jiaru	加入	500898
jiaru	假如	282010
jiarushijian	加入时间	279720
jiarushoucang	加入收藏	101675
jiashang	加上	500408
jiashe	假设	235440
jiashen	加深	138515
jiashi	驾驶	343175
jiashiyuan	驾驶员	197415
jiashizheng	驾驶证	123150
jiashu	家属	199535
jiasu	加速	500250
jiating	家庭	500804
jiawei	价位	224735
jiawei	加为	102445
jiaxiang	家乡	246165
jiaxiao	驾校	151105
jiayong	家用	203205
jiayongdianqi	家用电器	101175
jiayou	加油	308090
jiayouzhan	加油站	231838
jiayuan	家园	396135
jiazai	加载	256124
jiazhang	家长	500411
jiazhi	价值	500849
jiazhi	加之	146790
jiazhiguan	价值观	256890
jiazhong	家中	331525
jiazhong	加重	186635
jiazu	家族	500264
jibai	几百	118135
jiben	基本	501269
jibenqingkuang	基本情况	175980
jibenshang	基本上	500260
jibenxinxi	基本信息	188685
jibenyaoqiu	基本要求	132655
jibenyuanze	基本原则	125030
jibian	即便	180785
jibie	级别	501342
jibing	疾病	500339
jibingde	疾病的	211330
jibu	既不	128455
jiceng	基层	500324
jichang	机场	500299
jicheng	集成	500255
jicheng	继承	280045
jichengdianlu	集成电路	107225
jichu	基础	501056
jichuang	机床	153800
jichujiaoyu	基础教育	131045
jichushang	基础上	500567
jichusheshi	基础设施	335465
jichusheshijianshe	基础设施建设	153705
jichuzhishi	基础知识	165000
jici	几次	337320
jida	极大	198575
jidade	极大的	123355
jidan	鸡蛋	343015
jide	记得	500290
jidi	基地	500487
jidian	几点	132135
jidong	激动	256795
jidong	机动	125745
jidongche	机动车	500259
jidu	极度	122010
jidu	季度	115510
jiduan	极端	190015
jieceng	阶层	144220
jiechu	接触	500347
jiechu	解除	319190
jieda	解答	326445
jiedai	接待	390230
jiedao	街道	495690
jiedao	接到	411840
jiedian	节点	198415
jieding	界定	170195
jiedu	解读	166830
jieduan	阶段	500635
jieduande	阶段的	269730
jiefang	解放	247360
jiefangjun	解放军	128730
jiegou	结构	501034
jiegoutiaozheng	结构调整	121005
jieguan	接管	168540
jiegui	接轨	135635
jieguo	结果	501376
jieguo	接过	128560
jieguoshi	结果是	162010
jiehe	结合	500882
jieheqilai	结合起来	242590
jiehun	结婚	500312
jieji	阶级	139020
jiejian	借鉴	307240
jiejiari	节假日	128440
jiejie	姐姐	409605
jiejin	接近	500270
jieju	结局	187305
jiejue	解决	501191
jiejuefangan	解决方案	500264
jiejuefangfa	解决方法	101916
jiejuele	解决了	336120
jiejuewenti	解决问题	328515
jiekou	借口	129390
jiekuan	借款	149490
jielun	结论	415960
jiemei	姐妹	121220
jiemian	界面	500298
jiemu	节目	500419
jieneng	节能	421950
jieri	节日	291465
jieru	接入	265860
jieru	介入	206495
jieshang	街上	117880
jieshao	介绍	501377
jieshaole	介绍了	334245
jieshaoshuo	介绍说	134730
jiesheng	节省	500262
jieshi	解释	500536
jieshi	届时	196685
jieshi	揭示	108735
jieshou	接受	501067
jieshoule	接收了	243155
jieshoule	接受了	150530
jieshu	结束	500456
jieshuhou	结束后	313035
jieshui	节水	134435
jieshule	结束了	173185
jieshuo	解说	111065
jiesuan	结算	362545
jietou	街头	184310
jietuo	解脱	138715
jiewei	结尾	110255
jiexi	解析	269580
jiexia	接下	134290
jiexialai	接下来	248350
jiexian	界限	129525
jieya	解压	248260
jieyamima	解压密码	193865
jieyue	节约	268095
jiezhe	接着	500260
jiezhi	戒指	544845
jiezhi	截止	213725
jiezhi	截至	169070
jiezhi	节制	142240
jiezhu	借助	286935
jiezou	节奏	247365
jifa	激发	317990
jifang	机房	212705
jifei	计费	102320
jifen	积分	505575
jifen	几分	148105
jifu	肌肤	500259
jige	几个	500762
jigefangmian	几个方面	138795
jigeren	几个人	107770
jigeyue	几个月	100235
jigou	机构	813966
jiguan	机关	500730
jiguang	激光	251200
jihe	集合	222300
jihe	几何	104750
jihu	几乎	500451
jihua	计划	800718
jihuashengyu	计划生育	288185
jihui	机会	500874
jihumeiyou	几乎没有	115580
jihuo	激活	225395
jihushi	几乎是	147200
jihusuoyou	几乎所有	140790
jiji	积极	500832
jijia	几家	127245
jijiang	即将	500257
jijicanyu	积极参与	173715
jijide	积极的	294655
jijide	积极地	262090
jijie	季节	348890
jijikaizhan	积极开展	138610
jijin	基金	500631
jijinhui	基金会	153155
jijitansuo	积极探索	116025
jijixing	积极性	380010
jiju	极具	153965
jiju	几句	143560
jike	即可	500819
jike	既可	110755
jilei	积累	429165
jileile	积累了	128080
jili	激励	468010
jiliang	剂量	124770
jilie	激烈	352945
jilin	吉林	288280
jilinsheng	吉林省	187470
jilu	记录	500879
jilu	纪录	191245
jilv	纪律	223235
jilv	几率	109525
jimang	急忙	138075
jimo	寂寞	300675
jinanshi	济南市	121095
jinbi	金币	501098
jinbu	进步	500321
jincheng	进程	500337
jinchukou	进出口	305315
jindai	近代	155615
jindaibiao	仅代表	178170
jinde	金的	188070
jindu	进度	208505
jine	金额	500398
jineng	技能	500547
jineng	机能	102920
jiner	进而	261150
jingang	金刚	116485
jingcai	精彩	500254
jingcaide	精彩的	159515
jingcha	警察	398305
jingchang	经常	500721
jingcheng	京城	130595
jingdian	经典	500416
jingdian	景点	427750
jingdu	精度	180475
jingfang	警方	245235
jingfei	经费	500266
jinggao	警告	312495
jingguan	景观	359825
jingguo	经过	501180
jingguole	经过了	104775
jinghua	精华	503439
jinghua	净化	193175
jingji	经济	1396619
jingjia	竞价	122529
jingjie	境界	290405
jingjifa	经济法	103489
jingjifazhan	经济发展	500261
jingjijianshe	经济建设	148460
jingjijishukaifaqu	经济技术开发区	101630
jingjikaifaqu	经济开发区	101140
jingjiren	经纪人	112930
jingjishehui	经济社会	169645
jingjishehuifazhan	经济社会发展	180385
jingjixiaoyi	经济效益	312395
jingjixue	经济学	234605
jingjizengzhang	经济增长	173480
jingli	经理	500499
jingli	经历	500407
jingli	精力	339675
jinglile	经历了	263750
jingling	精灵	367105
jingliren	经理人	119010
jinglirun	净利润	122350
jingmao	经贸	151685
jingmei	精美	364510
jingmi	精密	163340
jingnei	境内	500261
jingong	进攻	330105
jingong	仅供	198955
jingongcankao	仅供参考	268315
jingpin	精品	500331
jingqing	敬请	315105
jingqu	景区	434190
jingque	精确	169920
jingran	竟然	500312
jingren	惊人	119955
jingrende	惊人的	106365
jingsai	竞赛	312775
jingse	景色	146635
jingshen	精神	606946
jingshenwenmingjianshe	精神文明建设	128550
jingshi	竟是	123370
jingshi	警示	100175
jingsui	精髓	101240
jingtai	静态	173280
jingti	警惕	110885
jingtong	精通	152985
jingtou	镜头	494255
jinguan	尽管	500585
jingwai	境外	339355
jingxi	惊喜	262645
jingxi	精细	118535
jingxiang	镜像	162985
jingxiang	景象	151185
jingxiao	经销	138170
jingxiaoshang	经销商	500336
jingxin	精心	303340
jingxuan	精选	220980
jingya	惊讶	240795
jingyan	经验	501735
jingyanzhi	经验值	273485
jingye	敬业	106485
jingying	经营	501054
jingying	精英	331110
jingyingde	经营的	367010
jingyingfanwei	经营范围	206346
jingyingguanli	经营管理	221450
jingyinghuodong	经营活动	163605
jingyinglinian	经营理念	141385
jingyingmoshi	经营模式	114535
jingyingquan	经营权	146852
jingyingxing	经营性	108565
jingyingxukezheng	经营许可证	272360
jingyingzhe	经营者	438960
jingzheng	竞争	500483
jingzhengde	竞争的	272205
jingzhengduishou	竞争对手	238445
jingzhengli	竞争力	445320
jingzhengzhong	竞争中	145690
jingzhi	精致	187735
jingzi	镜子	124625
jingzi	精子	116945
jinhou	今后	500362
jinhua	进化	110535
jinhuo	进货	131045
jinian	几年	371585
jinian	纪念	297565
jinji	紧急	263450
jinjin	仅仅	440170
jinjin	紧紧	150365
jinjinian	近几年	165655
jinjinshi	仅仅是	266285
jinjinweirao	紧紧围绕	108605
jinjun	进军	147345
jinkou	进口	500552
jinkuai	尽快	500282
jinlai	进来	344630
jinlai	近来	143630
jinle	进了	265625
jinli	尽力	130955
jinliang	尽量	500299
jinmi	紧密	181580
jinmijiehe	紧密结合	129190
jinneng	仅能	129610
jinnian	今年	501273
jinnian	近年	157205
jinnianlai	近年来	500344
jinnianyilai	今年以来	109120
jinpai	金牌	259940
jinpao	浸泡	110020
jinqi	近期	500305
jinqian	金钱	501373
jinqing	尽情	137070
jinqiu	进球	111680
jinqu	进去	357080
jinrong	金融	500332
jinrongjigou	金融机构	280355
jinru	进入	501512
jinrule	进入了	246275
jinruzhongguo	进入中国	103345
jinse	金色	175515
jinshan	金山	149020
jinshen	谨慎	209670
jinshi	仅是	136720
jinshu	金属	500349
jintian	今天	501272
jintianshi	今天是	208995
jintie	津贴	101930
jinwan	今晚	174920
jinwei	仅为	297840
jinxing	进行	506223
jinxingfenxi	进行分析	116980
jinxingjiancha	进行检查	119160
jinxingle	进行了	500747
jinxiu	进修	100425
jinyibu	进一步	501013
jinyibude	进一步的	125600
jinyibujiaqiang	进一步加强	197585
jinyibutigao	进一步提高	157410
jinyong	禁用	152210
jinyou	仅有	197665
jinzai	仅在	125325
jinzai	尽在	110330
jinzhan	进展	314870
jinzhang	紧张	500263
jinzhangde	紧张的	138265
jinzhi	禁止	500441
jipiao	机票	410445
jipin	极品	127475
jiqi	极其	690140
jiqi	机器	500375
jiqiao	技巧	500408
jiqing	激情	500251
jiqiren	机器人	148645
jiqita	及其他	436270
jiran	既然	487655
jirou	肌肉	333885
jiru	计入	130295
jishang	机上	178390
jishen	机身	256070
jishi	及时	501095
jishi	即使	500575
jishi	既是	331410
jishi	几十	209375
jishinian	几十年	116405
jishishi	即使是	203975
jishu	技术	502896
jishubiaozhun	技术标准	100755
jishuchuangxin	技术创新	190950
jishufuwu	技术服务	167275
jishukaifa	技术开发	104015
jishurenyuan	技术人员	238860
jishushuiping	技术水平	107860
jishuzhichi	技术支持	395170
jisi	祭祀	105335
jisu	激素	141035
jisuan	计算	500738
jisuanji	计算机	500934
jisuanjide	计算机的	132100
jita	吉他	139375
jiti	集体	500321
jiti	机体	159635
jitian	几天	307520
jituan	集团	501176
jituangongsi	集团公司	324345
jituanyouxiangongsi	集团有限公司	187770
jiuba	就把	280290
jiubei	就被	277385
jiubixu	就必须	216045
jiubu	就不	500315
jiubuhui	就不会	170985
jiubuneng	就不能	154835
jiuchengle	就成了	124255
jiuci	就此	170645
jiudei	就得	169030
jiudian	酒店	500818
jiudu	就读	116305
jiufen	纠纷	306720
jiugeng	就更	166225
jiuhao	就好	161765
jiuhaole	就好了	140830
jiuhen	就很	156240
jiuhui	就会	500846
jiujiang	就将	132665
jiujiao	就叫	102390
jiujing	究竟	410310
jiujing	酒精	156790
jiujingshi	究竟是	132075
jiukaishi	就开始	250605
jiukan	就看	104195
jiuke	就可	286835
jiukeyi	就可以	500641
jiukeyile	就可以了	270055
jiulai	就来	103795
jiulian	就连	186535
jiumei	就没	204235
jiumeiyou	就没有	305355
jiuneng	就能	500392
jiuqu	就去	129230
jiurang	就让	133260
jiushi	就是	503947
jiushishuo	就是说	108985
jiushiwo	就是我	109985
jiushiyao	就是要	257870
jiushizai	就是在	244970
jiushizheyang	就是这样	153750
jiushuo	就说	192065
jiusuan	就算	438765
jiuwu	九五	101100
jiuxiang	就像	500407
jiuxiang	就想	115970
jiuxing	就行	103525
jiuxingle	就行了	163865
jiuyao	就要	500406
jiuye	就业	500540
jiuyijing	就已经	206610
jiuyinggai	就应该	125190
jiuyong	就用	114760
jiuyou	就有	500363
jiuyuan	救援	315250
jiuyue	九月	161980
jiuyue	就越	113210
jiuzai	就在	500415
jiuzaiyu	就在于	115675
jiuzheme	就这么	136170
jiuzheng	纠正	302545
jiuzheyang	就这样	369325
jiuzhidao	就知道	181755
jiuzhu	救助	259800
jiwei	极为	378980
jiwei	几位	183975
jiwei	即为	131675
jixian	极限	209875
jixiang	吉祥	150750
jixiang	机箱	134495
jixiang	迹象	113695
jixiao	绩效	288850
jixiao	讥笑	109900
jixie	机械	500369
jixieshebei	机械设备	101945
jixing	记性	313240
jixing	机型	291970
jixing	急性	187720
jixing	畸形	105375
jixu	继续	501276
jixu	急须	164505
jixu	急需	160000
jixujiaoyu	继续教育	125490
jiyao	既要	205305
jiyi	记忆	500274
jiyin	基因	260860
jiyou	既有	270070
jiyu	给予	500809
jiyu	基于	500435
jiyu	机遇	308550
jiyujinggao	给予警告	133965
jizai	记载	358245
jizai	即在	111735
jizhe	记者	501537
jizhi	机制	500615
jizhong	集中	500579
jizhong	几种	286595
jizhongzai	集中在	258630
jizhu	记住	418715
jizhuangxiang	集装箱	143090
jizu	机组	158320
juankuan	捐款	149700
juanzeng	捐赠	197570
juban	举办	500536
jubanle	举办了	162575
jubao	举报	431725
jubei	具备	500495
jubeile	具备了	120175
juben	剧本	123355
jubu	局部	305480
juchang	剧场	131830
juci	据此	135050
jucuo	举措	156545
juda	巨大	459450
judade	巨大的	500350
judong	举动	140440
juece	决策	500308
juedabufen	绝大部分	124660
juedaduoshu	绝大多数	240850
juede	觉得	500907
jueding	决定	501496
juedingle	决定了	216775
juedui	绝对	500437
jueduibu	绝对不	120100
jueduishi	绝对是	126875
jueqi	崛起	207690
juesai	决赛	203865
juese	角色	500401
juewang	绝望	152275
juexin	决心	286815
jueyi	决议	266005
jueyuan	绝缘	106060
juhui	聚会	196320
juji	聚集	187670
jujiao	聚焦	104235
jujieshao	据介绍	183755
jujue	拒绝	500412
julebu	俱乐部	500363
juli	距离	500485
juliaojie	据了解	437300
jumian	局面	454590
jumin	居民	500321
junbu	均不	179220
jundui	军队	468680
jungong	竣工	189155
junguan	军官	134205
junheng	均衡	208765
junjia	均价	126785
junke	均可	435340
junren	军人	198615
junshi	军事	381390
junshi	均是	107375
junshu	均属	116940
junwei	均为	500264
junyou	均有	254260
junyou	均由	184660
junyun	均匀	273115
junzi	君子	139465
juqing	剧情	239025
juran	居然	500272
jushuo	据说	343150
juti	具体	501152
jutiqingkuang	具体情况	158465
jutiyaoqiu	具体要求	181430
jutongji	据统计	161840
jutou	巨头	151425
juxi	据悉	377090
juxing	举行	500536
juxingle	举行了	139545
juyou	具有	502699
juyuwang	局域网	141600
juzhang	局长	460395
juzhu	居住	415755
juzi	句子	202385
kade	卡的	181370
kafei	咖啡	409805
kahao	卡号	163985
kaiban	开办	190805
kaiben	开本	109400
kaicai	开采	175255
kaiche	开车	295295
kaichu	开出	157195
kaichuang	开创	171460
kaidian	开店	104685
kaifa	开发	501339
kaifaliyong	开发利用	106485
kaifang	开放	500581
kaifaqu	开发区	422710
kaifashang	开发商	500271
kaifazhe	开发者	109188
kaigong	开工	145080
kaiguan	开关	360355
kaihu	开户	201300
kaihui	开会	121320
kaiji	开机	161200
kaikou	开口	207560
kailai	开来	129685
kaimen	开门	164335
kaimu	开幕	123770
kaimushi	开幕式	107090
kaipan	开盘	111170
kaipi	开辟	142505
kaiqi	开启	311120
kaishe	开设	352620
kaishi	开始	502439
kaishile	开始了	305705
kaitong	开通	455260
kaitou	开头	151865
kaituo	开拓	320760
kaituochuangxin	开拓创新	100515
kaixin	开心	413460
kaiye	开业	253680
kaizhan	开展	501280
kaizhangongzuo	开展工作	108210
kaizhanle	开展了	295520
kaizhi	开支	158405
kali	卡里	108750
kanbudao	看不到	194735
kancheng	堪称	131045
kanchu	看出	246785
kandai	看待	145350
kandao	看到	501409
kandaole	看到了	356775
kande	看的	264915
kande	看得	181235
kandeng	刊登	248780
kanfa	看法	454155
kangfu	康复	209740
kangkai	慷慨	102035
kangri	抗日	119825
kangshengsu	抗生素	138395
kangti	抗体	101060
kanguo	看过	242230
kangxi	康熙	125595
kanhao	看好	204395
kanjian	看见	500334
kankan	看看	500549
kanlai	看来	500438
kanle	看了	500351
kanlekan	看了看	147335
kanni	看你	190945
kanqilai	看起来	356750
kanshangqu	看上去	209675
kanshu	看书	144645
kansi	看似	169010
kanta	看他	165050
kanta	看她	100570
kanwan	看完	143940
kanwo	看我	192615
kanwu	刊物	134595
kanzhe	看着	500560
kanzheta	看着他	101125
kanzhewo	看着我	128750
kanzuo	看作	134245
kaobei	拷贝	125625
kaochang	考场	167705
kaodian	考点	174475
kaogu	考古	108430
kaohe	考核	500526
kaojin	靠近	212700
kaolv	考虑	500740
kaolvdao	考虑到	318315
kaoping	考评	141375
kaorou	烤肉	101498
kaosheng	考生	500768
kaoshi	考试	501195
kaoshichengji	考试成绩	117630
kaoyan	考验	254460
kaoyan	考研	221620
kaozheng	考证	102390
kapian	卡片	159625
katong	卡通	146515
keai	可爱	500267
kean	可按	130120
keben	课本	104570
kebu	可不	139480
keche	客车	125160
kecheng	课程	500859
kechixufazhan	可持续发展	306430
keda	可达	271720
kefang	客房	231850
kefenwei	可分为	148640
kefu	客服	500287
kefu	克服	256355
kefudianhua	客服电话	160315
kefurexian	客服热线	110865
kegenju	可根据	227935
kegong	可供	168435
keguan	客观	335920
kehu	客户	501510
kehuduan	客户端	328335
kehufuwu	客户服务	320970
keji	科技	500902
kejian	可见	474670
kejian	课件	349205
kejiang	可将	173965
kejichengguo	科技成果	165455
kejichuangxin	科技创新	159435
kejijinbu	科技进步	121765
kejiu	可就	106015
kejiyouxiangongsi	科技有限公司	318200
kekao	可靠	273155
kekaode	可靠的	166520
kekaoxing	可靠性	210615
kekoukele	可口可乐	147493
keli	颗粒	227830
kelian	可怜	257880
kelong	克隆	103680
kelu	刻录	112485
kemu	科目	500251
kending	肯定	500384
kendinghui	肯定会	122930
kendingshi	肯定是	160340
keneng	可能	501558
kenengde	可能的	173285
kenenghui	可能会	500271
kenengshi	可能是	500284
kenengxing	可能性	363470
kenengyin	可能因	204800
kenengyou	可能有	159665
kenengzai	可能在	101600
kepa	可怕	224355
kepu	科普	206280
keren	客人	500378
keshi	可是	501044
keshi	课时	201680
keshi	可使	195960
keshi	科室	167680
keshiwo	可是我	154010
kesou	咳嗽	144400
ketang	课堂	312175
ketangjiaoxue	课堂教学	186320
keti	课题	500259
ketiao	可调	101210
keting	客厅	190025
ketongguo	可通过	167280
kewang	渴望	293305
kewei	可为	116925
kewei	可谓	108650
kewen	课文	176520
kewo	可我	130685
kexi	可惜	382410
kexiang	可向	103155
kexing	可行	130495
kexingxing	可行性	108865
kexuan	可选	247125
kexuanze	可选择	114895
kexue	科学	500822
kexuefazhanguan	科学发展观	242220
kexuejia	科学家	284570
kexuejishu	科学技术	321685
kexueyanjiu	科学研究	168335
kexueyuan	科学院	105725
keyan	科研	500293
keyi	可以	505814
keyi	刻意	127330
keyiba	可以把	244000
keyicong	可以从	237325
keyigenju	可以根据	210065
keyikanchu	可以看出	174530
keyikandao	可以看到	206420
keyiqu	可以去	118910
keyirang	可以让	233530
keyishi	可以使	181025
keyishixian	可以实现	188325
keyishiyong	可以使用	166060
keyishuo	可以说	429630
keyishuoshi	可以说是	171365
keyitongguo	可以通过	384925
keyixiang	可以向	177820
keyixuanze	可以选择	155215
keyiyong	可以用	343640
keyizhijie	可以直接	203400
keyong	可用	404860
keyongyu	可用于	107305
keyou	可由	102120
keyu	可与	117220
keyun	客运	145220
kezai	可在	451280
kezhijie	可直接	155310
kezuo	可作	106135
kongbai	空白	228495
kongbu	恐怖	242810
kongge	空格	102170
konggu	控股	190465
kongjian	空间	501174
kongjian	控件	211095
kongju	恐惧	269215
kongjun	空军	139605
kongpa	恐怕	344740
kongqi	空气	500287
kongqian	空前	115280
kongtiao	空调	500329
kongzhi	控制	501216
kongzhimianban	控制面板	117050
kongzhiqi	控制器	235835
kongzhixitong	控制系统	132935
kongzhizai	控制在	142780
kongzhong	空中	252265
kongzi	孔子	224680
kouan	口岸	172260
koubei	口碑	120315
kouchu	扣除	264600
koudai	口袋	111855
koufu	口服	131415
kouhao	口号	185605
kouling	口令	118770
kouqi	口气	245740
kouqiang	口腔	164965
koutou	口头	100340
kouwei	口味	223915
kouyu	口语	170940
kouzhong	口中	189900
kuaguo	跨国	106360
kuaguogongsi	跨国公司	169865
kuaidi	快递	265195
kuaidian	快点	110455
kuaigan	快感	147615
kuaiji	会计	500352
kuaijie	快捷	287170
kuaile	快乐	500532
kuailede	快乐的	209280
kuaiqian	块钱	185885
kuaisu	快速	500764
kuaisufazhan	快速发展	249870
kuaisuhuifu	快速回复	138295
kuaisuzengzhang	快速增长	108400
kuandai	宽带	268810
kuandu	宽度	286140
kuangchanziyuan	矿产资源	132290
kuangjia	框架	368320
kuangqie	况且	120755
kuangshan	矿山	171310
kuanrong	宽容	154030
kuanshi	款式	238980
kuanxiang	款项	179240
kuayue	跨越	497857
kuazhang	夸张	104540
kucun	库存	429015
kuisun	亏损	249960
kunbang	捆绑	111470
kunhuo	困惑	164965
kunjing	困境	139025
kunming	昆明	401420
kunnan	困难	500397
kunrao	困扰	166925
kuochong	扩充	102140
kuoda	扩大	500518
kuojian	扩建	133615
kuosan	扩散	141315
kuozhan	扩展	500251
kuozhang	扩张	337090
kuqi	哭泣	125430
kuxiao	苦笑	103180
kuzi	裤子	124960
laba	喇叭	103545
ladong	拉动	149925
laiba	来吧	140695
laidao	来到	500414
laidaole	来到了	161690
laidian	来电	361675
laifang	来访	141010
laihui	来回	148490
laijiang	来讲	353675
laikan	来看	500528
lailin	来临	149665
laishixian	来实现	153655
laishuo	来说	501060
laiwancheng	来完成	104180
laixin	来信	237755
laiyuan	来源	501119
laiyuanyu	来源于	250775
laizi	来自	502108
laiziyu	来自于	184835
laizuo	来做	191645
laji	垃圾	488745
lajiao	辣椒	129805
lajiyoujian	垃圾邮件	102580
lakai	拉开	109225
langfei	浪费	336270
langman	浪漫	454475
lanmu	栏目	500393
lanqiu	篮球	186650
lanse	蓝色	420930
lantian	蓝天	129805
lanya	蓝牙	157840
lanzhou	兰州	191995
laobaixing	老百姓	311185
laoban	老板	500472
laoda	老大	326915
laodong	劳动	500321
laodongbaozhang	劳动保障	256465
laodongguanxi	劳动关系	117735
laodongheshehuibaozhang	劳动和社会保障	111645
laodonghetong	劳动合同	247860
laodongli	劳动力	283140
laodongzhe	劳动者	410205
laogong	老公	370435
laogu	牢固	106715
laohu	老虎	138145
laohua	老化	145100
laohuji	老虎机	244985
laoji	牢记	102150
laojia	老家	103480
laolao	牢牢	106400
laonian	老年	212495
laonianren	老年人	183870
laopo	老婆	477615
laoren	老人	500350
laoshi	老师	101210
laoshi	老是	100000
laoshu	老鼠	162355
laotou	老头	143950
laowu	劳务	153435
laozi	老子	226650
laozong	老总	133925
lasa	拉萨	147725
laxia	落下	109635
lazai	落在	181515
lazhe	拉着	141125
lazhu	蜡烛	100340
leba	了吧	999999
leguan	乐观	162955
leibie	类别	501018
leida	雷达	130940
leiji	累计	500250
leiji	累积	117110
leile	累了	105865
leishui	泪水	204495
leisi	类似	500290
leiside	类似的	228845
leisiyu	类似于	121495
leixing	类型	501258
lengjing	冷静	857233
lengleng	冷冷	118705
lengmo	冷漠	126060
lengque	冷却	119350
lengxiao	冷笑	100680
lequ	乐趣	330785
leyuan	乐园	215080
lianai	恋爱	315810
lianbang	联邦	139040
liandong	联动	135790
liangan	两岸	207045
liangbian	两边	158685
liangce	两侧	239340
liangci	两次	440150
liangda	两大	277930
liangda	量大	116225
liangdi	两地	114625
liangdian	亮点	197310
liangdian	两点	117305
liangdu	亮度	174165
liangge	两个	501431
lianggefangmian	两个方面	105730
lianggeren	两个人	302840
lianggeyue	两个月	110420
liangguo	两国	240955
lianghao	良好	500372
lianghaode	良好的	500731
lianghua	量化	121450
liangji	两集	217000
liangji	两极	124930
liangji	两级	103670
liangjia	两家	184980
liangju	两句	123145
liangkuan	两款	117515
lianglei	两类	124470
liangming	两名	205945
liangnian	两年	500261
liangren	两人	500488
liangshi	粮食	466585
liangtian	两天	266580
liangtiao	两条	231935
liangwei	两位	375655
liangxiang	亮相	143595
liangxiang	两项	142460
liangxing	良性	117825
liangyou	粮油	102785
liangzhang	两张	120830
liangzhe	两者	282730
liangzhi	两只	170975
liangzhong	两种	500434
lianhe	联合	500495
lianheguo	联合国	219360
lianhehui	联合会	152130
lianhua	莲花	131895
lianjia	廉价	105025
lianjie	连接	500775
lianjie	链接	500569
lianluo	联络	234890
lianmang	连忙	179580
lianmeng	联盟	500428
lianren	恋人	211750
liansai	联赛	191915
lianse	脸色	226335
lianshang	脸上	500326
lianshou	联手	139995
liansuo	连锁	277200
liansuodian	连锁店	113555
liantong	联通	222530
liantong	连同	104490
lianwang	联网	164600
lianxi	联系	501382
lianxi	练习	500306
lianxiang	联想	399825
lianxidianhua	联系电话	500894
lianxidizhi	联系地址	410460
lianxifangshi	联系方式	500513
lianxiren	联系人	500924
lianxiwomen	联系我们	408970
lianxu	连续	500549
lianyouchang	炼油厂	115663
lianzai	连载	178315
liaocheng	疗程	106175
liaofa	疗法	155470
liaojie	了解	501031
liaojiedao	了解到	276690
liaoning	辽宁	362560
liaoningsheng	辽宁省	222850
liaotian	聊天	397750
liaotianshi	聊天室	113690
liaoxiao	疗效	211960
libukai	离不开	158265
licai	理财	260015
lichang	立场	500433
licheng	里程	181410
licheng	历程	135140
lidai	历代	125690
lidianchi	锂电池	103700
lidu	力度	500286
liebiao	列表	500498
lieche	列车	212795
liechu	列出	181870
lieren	猎人	100715
lieru	列入	346315
liewei	列为	166225
lifa	立法	337460
lifangmi	立方米	219365
lihai	厉害	228825
lihun	离婚	273330
liji	立即	500678
lijiang	丽江	171570
lijie	理解	500760
lijing	历经	125950
likai	离开	500504
likaile	离开了	223875
like	立刻	500295
like	理科	142605
lilai	历来	103635
liliang	力量	500670
lilun	理论	500857
lilv	利率	225585
limao	礼貌	105650
limi	厘米	500266
limian	里面	500615
limianyou	里面有	105070
liming	黎明	106915
linchuang	临床	475490
lingbujian	零部件	360012
lingchen	凌晨	210360
lingdao	领导	500975
lingdaobanzi	领导班子	170760
lingdaoganbu	领导干部	423430
lingdaoren	领导人	183300
lingdaoxia	领导下	213450
lingdaoxiaozu	领导小组	407690
lingdaozhe	领导者	161295
lingdui	领队	108290
linggan	灵感	158745
linghun	灵魂	412360
linghuo	灵活	472705
linghuoxing	灵活性	117305
lingjian	零件	189305
linglei	另类	129600
lingqu	领取	432830
lingren	令人	500352
lingsheng	铃声	317650
lingshou	零售	359625
lingshoujia	零售价	162020
lingshoushang	零售商	104430
lingting	聆听	131940
lingwai	另外	501063
lingwaiyige	另外一个	158915
lingwo	令我	108440
lingxian	领先	369610
lingxing	另行	120525
lingxiu	领袖	169620
lingyi	另一	430485
lingyifangmian	另一方面	500287
lingyige	另一个	500313
lingyizhong	另一种	240045
lingyou	另有	249610
lingyouguiding	另有规定	106150
lingyu	领域	500941
linian	理念	500419
linjin	临近	129150
linju	邻居	159945
linken	林肯	100281
linmu	林木	135480
linshi	临时	500283
linsuan	磷酸	131081
linye	林业	288560
lipin	礼品	453190
liqi	力气	118935
liqiu	力求	197945
liqu	离去	168310
liru	例如	500734
lirun	利润	500444
lishi	历史	501013
lishi	理事	132640
lishi	历时	122430
lishide	历史的	312925
lishihui	理事会	173755
lishishang	历史上	256385
lishiwenhua	历史文化	110990
liti	立体	236400
liubei	刘备	109235
liuchang	流畅	144580
liucheng	流程	500311
liuchu	流出	104470
liuchuan	流传	149095
liudong	流动	411310
liudongxing	流动性	115900
liuge	六个	212330
liugei	留给	131605
liuhecai	六合彩	124665
liulan	浏览	500946
liulancishu	浏览次数	403995
liulang	流浪	137325
liulanqi	浏览器	500320
liulei	流泪	131495
liuliang	流量	408270
liumang	流氓	138955
liunian	六年	212120
liuru	流入	115345
liushi	流失	153775
liushi	六十	110505
liushui	流水	126780
liutong	流通	374260
liuxia	留下	500382
liuxiale	留下了	196090
liuxing	流行	500315
liuxue	留学	279185
liuxuesheng	留学生	136740
liuyan	留言	500772
liuyanban	留言板	111475
liuyi	留意	161030
liuyu	流域	156605
liuyue	六月	148525
liuzai	留在	279265
liuzhuan	流转	100680
liwai	例外	115330
liwu	礼物	311200
lixi	利息	241810
lixian	离线	501795
lixiang	理想	500312
lixiang	立项	154810
lixiangde	理想的	249520
lixiansheng	李先生	119250
lixing	理性	409995
liyi	利益	500742
liyi	礼仪	191490
liyong	利用	501412
liyou	理由	500418
liyu	利于	291030
lizheng	力争	240175
lizhi	理智	134330
lizhi	离职	103295
lizi	例子	418980
lizu	立足	200175
longduan	垄断	188410
longtou	龙头	230040
longtouqiye	龙头企业	147615
longzhong	隆重	116895
louceng	楼层	273725
louchu	露出	249410
loudong	漏洞	237980
loupan	楼盘	342120
loushang	楼上	258300
loushi	楼市	116180
louti	楼梯	133235
louxia	楼下	174595
louzhu	楼主	500773
lubian	路边	148130
luchu	露出	249410
luduan	路段	143525
luguo	路过	164860
lujing	路径	334060
lujun	陆军	101700
lukou	路口	256910
lumian	路面	165960
lundun	伦敦	187260
lunhui	轮回	101360
lunkuo	轮廓	111400
lunli	伦理	128045
lunshu	论述	175065
luntai	轮胎	276630
luntan	论坛	503524
luntanbanzhu	论坛版主	289830
lunwen	论文	500367
lunzheng	论证	252590
luobo	萝卜	494881
luodi	落地	138395
luohou	落后	293605
luohu	落户	110845
luoji	逻辑	370450
luoma	罗马	188160
luoshi	落实	500563
luoshikexuefazhanguan	落实科学发展观	103010
luoxia	落下	109635
luoyang	洛阳	195430
luozai	落在	181515
luqu	录取	428675
luru	录入	500322
lushang	路上	394415
luxian	路线	421315
luxiang	录像	223555
luxu	陆续	273515
luxun	鲁迅	142075
luyin	录音	320235
luyong	录用	211385
luyou	路由	148635
luyouqi	路由器	254545
luzhi	录制	164415
lvcha	绿茶	115445
lvdi	绿地	104975
lveyou	略有	102885
lvguan	旅馆	145765
lvhejin	铝合金	136620
lvhua	绿化	286055
lvke	旅客	330995
lvse	绿色	500424
lvseshipin	绿色食品	115140
lvshi	律师	500415
lvshishiwusuo	律师事务所	284985
lvxing	旅行	332080
lvxingshe	旅行社	500262
lvyou	旅游	500977
lvyouju	旅游局	143255
lvyouye	旅游业	180430
lvyouzhe	旅游者	137270
mafan	麻烦	454495
maichang	卖场	141095
maichu	卖出	158670
maidanglao	麦当劳	109060
maidao	买到	138385
maide	买的	221970
maidian	卖点	107505
maifang	买房	141580
maifang	买方	133015
maifang	卖方	129170
maijia	买家	259505
maijia	卖家	196790
maile	买了	369495
maimai	买卖	350875
mairu	买入	144700
makesi	马克思	116175
makesizhuyi	马克思主义	336345
malaixiya	马来西亚	185210
malu	马路	117805
mama	妈妈	500528
manchang	漫长	156055
manfen	满分	100310
manglu	忙碌	133580
mangmu	盲目	234415
manhua	漫画	306030
manlian	满脸	116335
manman	慢慢	500284
manmande	慢慢地	156675
mantou	馒头	245498
manxing	慢性	235600
manyan	蔓延	118440
manyi	满意	500315
manyide	满意地	255105
manyide	满意的	250000
manyou	漫游	101610
manzu	满足	500710
maobing	毛病	126550
maodun	矛盾	500363
maojin	毛巾	127795
maotai	茅台	138697
maoxian	冒险	201880
maoyi	贸易	500319
maozedong	毛泽东	396080
maozedongsixiang	毛泽东思想	130255
maozhuxi	毛主席	108750
maozi	帽子	138640
mashang	马上	500424
matou	码头	229025
mayi	蚂蚁	124800
mazida	马自达	268085
mazuiyaopin	麻醉药品	115767
meibai	美白	148300
meibanfa	没办法	152740
meici	每次	500460
meicuo	没错	149220
meidang	每当	161240
meige	每个	500917
meigeren	每个人	421375
meigeyue	每个月	100465
meigu	每股	114760
meiguan	美观	220010
meiguanxi	没关系	107615
meigui	玫瑰	310760
meiguo	美国	864762
meiguoren	美国人	140025
meihao	美好	427090
meihua	美化	129390
meihua	梅花	100045
meijie	媒介	220985
meijin	美金	120500
meijing	美景	116150
meikuang	煤矿	303675
meile	没了	123970
meili	美丽	500559
meili	魅力	401041
meimei	妹妹	335960
meimiao	美妙	137105
meineicun	没内存	121212
meineng	没能	118510
meinian	每年	500726
meinv	美女	500368
meiqi	煤气	109265
meiren	没人	242840
meiren	每人	206175
meiren	美人	141075
meiri	每日	500254
meirong	美容	438405
meishenme	没什么	335160
meishi	没事	282085
meishi	美食	171695
meishu	美术	371290
meitan	煤炭	257210
meiti	媒体	500707
meitian	每天	500807
meiwei	每位	185820
meiwei	美味	106360
meiwenti	没问题	103280
meixiangdao	没想到	373390
meixue	美学	133105
meiye	每页	365410
meiyi	每一	293260
meiyici	每一次	149365
meiyige	每一个	500354
meiyige	没一个	111111
meiyigeren	每一个人	103260
meiyiwei	每一位	175660
meiyou	没有	504685
meiyoudi	没有底	203690
meiyoule	没有了	338815
meiyouren	没有人	303110
meiyoushenme	没有什么	292960
meiyouyige	没有一个	110970
meiyouzhuce	没有注册	107090
meiyuan	美元	500504
meiyue	每月	500303
meizhou	每周	303495
menchuang	门窗	173110
mendian	门店	118195
menggu	蒙古	170630
menghuan	梦幻	162710
mengjian	梦见	125905
mengxiang	梦想	500278
mengzhong	梦中	106475
menhu	门户	237785
menhuwangzhan	门户网站	709334
menkan	门槛	170695
menkou	门口	452560
menpai	门派	502063
menpiao	门票	293820
menqian	门前	167100
menwai	门外	161460
menzhen	门诊	161975
mianban	面板	324215
mianbao	面包	593637
mianbu	面部	149120
mianchu	免除	100090
miandui	面对	500680
mianfei	免费	501109
mianfeiban	免费版	344430
mianfeiruanjian	免费软件	238655
mianfeitigong	免费提供	110610
mianfeixiazai	免费下载	154580
mianfeizhuce	免费注册	110240
mianfen	面粉	109790
mianhua	棉花	226960
mianji	面积	500688
miankong	面孔	108310
mianliao	面料	253520
mianlin	面临	500322
mianlinzhe	面临着	149185
mianmao	面貌	127390
mianmo	面膜	125495
mianqian	面前	500455
mianqiang	勉强	148100
mianshang	面上	130830
mianshi	面试	500328
miantan	面谈	134810
mianxiang	面向	487955
mianyi	面议	500462
mianyi	免疫	183060
mianzeshengming	免责声明	193890
mianzheng	免征	104370
mianzhi	面值	114895
mianzi	面子	135850
miaohui	描绘	111890
miaoshu	描述	500597
miaoxie	描写	171705
mibu	弥补	195435
midu	密度	227255
mifan	米饭	154542
miji	密集	126455
milan	米兰	192160
mima	密码	500852
mimi	秘密	460920
minban	民办	119505
mingan	敏感	219870
mingbai	明白	500290
mingbaile	明白了	156200
mingcheng	名称	501589
mingci	名词	143235
mingdai	明代	137150
mingdan	名单	434590
mingde	明的	157050
minge	名额	117970
mingjia	名家	122875
mingjiao	名叫	167175
mingliang	明亮	183570
mingliao	明了	121800
mingling	命令	500482
minglu	名录	207945
mingming	明明	128800
mingmingwei	命名为	107150
mingnian	明年	426330
mingong	民工	118005
mingpai	名牌	240680
mingpian	名片	213860
mingque	明确	500670
mingquede	明确的	274970
mingqueguiding	明确规定	134030
mingren	名人	229485
mingshengqu	名胜区	102540
mingshi	名师	119535
mingti	命题	257600
mingtian	明天	500300
minguo	民国	116245
mingwei	名为	327025
mingxian	明显	500594
mingxiande	明显的	390040
mingxing	明星	484570
mingyi	名义	339605
mingyue	明月	118030
mingyun	命运	449625
mingzhong	命中	107820
mingzi	名字	500458
minhang	民航	113895
mini	迷你	102590
minjian	民间	442525
minjie	敏捷	134135
minjing	民警	242295
minsheng	民生	370864
minshi	民事	192500
minsu	民俗	120180
minying	民营	143625
minyingqiye	民营企业	260875
minyong	民用	137630
minzhong	民众	240605
minzhu	民主	471905
minzu	民族	500485
miqie	密切	145980
miqiexiangguan	密切相关	101170
mishu	秘书	271780
mishuzhang	秘书长	225010
moca	摩擦	136580
mofa	魔法	392165
mofan	模范	121860
mofang	模仿	240500
mogui	魔鬼	113985
mohe	磨合	129255
mohu	模糊	220835
mokuai	模块	500292
moli	魔力	104920
momingqimiao	莫名其妙	118160
momo	默默	161745
moni	模拟	437090
moren	默认	529996
mosheng	陌生	163825
moshengde	陌生的	113525
moshi	模式	4565906
moshou	没收	298385
moshou	魔兽	103815
mosun	磨损	104970
mote	模特	174390
motuoche	摩托车	635529
motuoluola	摩托罗拉	215785
mouge	某个	500274
moumou	某某	136445
mouren	某人	120960
mousha	谋杀	256522
mouxie	某些	500410
mouyi	某一	368365
mouzhong	某种	426045
moxige	墨西哥	113725
moxing	模型	500273
moye	末页	108710
muban	模板	331625
mubiao	目标	501265
mubiaoshi	目标是	221065
mucai	木材	218490
mudan	牡丹	110470
mudi	目的	500798
mudidi	目的地	217790
mudishi	目的是	295510
muer	木耳	107136
mugongsi	母公司	133534
muguang	目光	490515
muju	模具	302485
mulu	目录	500529
muma	木马	283425
muqian	目前	502742
muqin	母亲	500535
murong	慕容	108495
muyang	模样	212695
muyu	沐浴	104330
nabian	那边	226765
nachu	拿出	345280
nadao	拿到	327105
naduan	那段	112685
naer	那儿	148990
naer	哪儿	131215
nafen	那份	118540
nage	那个	501011
nage	哪个	433200
nageren	那个人	108865
nageshihou	那个时候	100630
naicha	奶茶	109759
nailao	奶酪	110257
nainai	奶奶	205935
naishi	乃是	140060
naixin	耐心	261855
naiyou	奶油	115847
naizhi	乃至	396805
najiu	那就	430355
najiushi	那就是	347940
nalai	拿来	113930
nale	拿了	126055
nali	那里	500375
nali	哪里	440380
nalide	那里的	114465
name	那么	501795
nameduo	那么多	213720
nami	纳米	178510
nanbei	南北	211115
nanbu	南部	164025
nanchang	南昌	232725
nandao	难道	500354
nande	难得	138205
nande	男的	133775
nande	难的	113515
nandede	难得的	108410
nandian	难点	229265
nandu	难度	377450
nanfang	南方	344505
nanfei	南非	105660
nanguai	难怪	139115
nanguo	难过	112790
nanhai	男孩	406835
nanhai	南海	141530
nani	那你	242400
nanian	那年	110350
nanjingshi	南京市	208435
nanlu	南路	256375
nanmian	难免	151495
nanning	南宁	199345
nanningshi	南宁市	108170
nannv	男女	445305
nanpengyou	男朋友	156845
nanren	男人	500958
nanshan	南山	138560
nansheng	男生	316715
nanshi	男士	163980
nanshou	难受	106045
nanti	难题	277125
nanwang	难忘	112660
nanxing	男性	500309
nanyi	难以	500365
nanyou	男友	154830
nanzi	男子	500253
naodai	脑袋	247400
napa	哪怕	156635
naqi	拿起	194085
naren	那人	186340
naru	纳入	500253
nashi	那是	500359
nashi	那时	438890
nashihou	那时候	187435
nashui	纳税	301550
nashuiren	纳税人	307645
natian	那天	382205
nawei	那位	252000
nawo	那我	222360
naxie	那些	501131
naxie	哪些	474565
nayang	那样	500606
nayi	哪一	105460
nayike	那一刻	105245
nazhang	那张	142905
nazhe	拿着	277145
nazhi	那只	162300
nazhong	那种	500449
nazhong	哪种	119725
neibu	内部	500555
neicun	内存	500392
neidi	内地	347980
neihan	内涵	372470
neihe	内核	159265
neimenggu	内蒙古	281890
neirong	内容	503105
neirongbaokuo	内容包括	121635
neirongjianjie	内容简介	146580
neirongshi	内容是	126155
neiwai	内外	264300
neixiang	内向	141640
neixin	内心	288820
neixinde	内心的	145150
neiyi	内衣	222125
neiyou	内有	145215
neizai	内在	251095
neizhi	内置	500272
nengba	能把	172590
nengbu	能不	146460
nengbuneng	能不能	232910
nengcong	能从	136505
nengdui	能对	108750
nengfou	能否	500286
nenggei	能给	166430
nenggou	能够	501639
nenggouzai	能够在	167495
nenghao	能耗	105505
nenghe	能和	111605
nengjiang	能将	161345
nengli	能力	804674
nengliang	能量	476965
nenglijianshe	能力建设	100725
nengliqiang	能力强	150050
nengshi	能使	212205
nengshuo	能说	103515
nengwei	能为	162695
nengyong	能用	141930
nengyou	能有	207740
nengyu	能与	111160
nengyuan	能源	500265
nengzai	能在	500254
nengzuo	能做	130530
nia	你啊	517550
nianban	年版	212620
nianchan	年产	174695
nianchu	年初	306840
niandai	年代	500559
niandaichu	年代初	111500
niandi	年底	500269
niandu	年度	500550
niandubaogao	年度报告	215498
nianfen	年份	192770
nianhou	年后	271060
nianhui	年会	126815
nianji	年级	217480
nianji	年纪	191660
nianjian	年间	245670
nianjian	年检	138335
nianlai	年来	372410
nianling	年龄	500590
nianmo	年末	170925
niannei	年内	319655
niannian	年年	109915
nianqian	年前	500257
nianqing	年轻	500350
nianqingren	年轻人	352635
niantou	念头	173650
nianxian	年限	200380
nianyueri	年月日	154240
nianzhong	年中	346975
niba	你把	136600
nibixu	你必须	123850
nibu	你不	500264
nibushi	你不是	106950
nicheng	昵称	253850
nide	你的	502307
niding	拟定	136785
nidou	你都	142680
nidui	你对	263525
nihai	你还	363690
nihao	你好	332885
nihe	你和	154995
nihui	你会	449705
nihui	你回	408105
nijiang	你将	150265
nijiu	你就	500266
nikan	你看	323715
nike	你可	242995
nikeyi	你可以	500391
nilai	你来	105295
nimen	你们	501135
niming	匿名	278845
ninbu	您不	184635
ninde	您的	501736
nindeweizhi	您的位置	243885
nindui	您对	280035
nineng	你能	291880
ningbo	宁波	477300
ningboshi	宁波市	155435
ningjing	宁静	187630
ningju	凝聚	159445
ningjuli	凝聚力	139600
ningmeng	柠檬	216416
ningxia	宁夏	206200
ninhai	您还	147845
ninhaimeiyou	您还没有	410090
ninhao	您好	373220
ninkeyi	您可以	500293
ninmeiyou	您没有	102995
ninshi	您是	500593
ninsuo	您所	500263
ninxiang	您想	173070
ninxianzai	您现在	337875
ninye	您也	122240
ninyou	您有	190485
niqu	你去	161730
nirenwei	你认为	140760
nishi	你是	500439
nishifou	你是否	153855
nishuo	你说	394450
nisuo	你所	207640
niuju	扭矩	266823
niunai	牛奶	708129
niurou	牛肉	144230
niuyue	纽约	263185
niweishenme	你为什么	105725
niwo	你我	136400
nixiang	你想	343875
nixianzai	你现在	160120
nixihuan	你喜欢	105245
nixuyao	你需要	133250
niyao	你要	500286
niye	你也	363040
niyi	你一	118570
niyiding	你一定	104250
niyijing	你已经	154965
niyinggai	你应该	109095
niyou	你有	314440
niyou	你又	111740
nizai	你在	488965
nizenme	你怎么	221075
nizhe	你这	192350
nizhege	你这个	101890
nizhen	你真	173890
nizhi	你只	169005
nizhidao	你知道	184380
niziji	你自己	225330
nongchang	农场	132475
nongchanpin	农产品	472170
nongcun	农村	500795
nongcunjingji	农村经济	109785
nongde	弄得	126660
nongdu	浓度	229445
nonghu	农户	256535
nongji	农机	146825
nongli	农历	101055
nongmin	农民	500801
nongminfang	农民房	245610
nongmingong	农民工	282975
nongsuo	浓缩	106280
nongyao	农药	262090
nongye	农业	500651
nongyebu	农业部	192340
nongyekeji	农业科技	100110
nongyeshengchan	农业生产	134490
nongyeyinhang	农业银行	122097
nongyu	浓郁	142470
nongzuowu	农作物	112180
nuli	努力	500979
nulitigao	努力提高	104735
nuojiya	诺基亚	360055
nuoyong	挪用	171500
nvde	女的	187630
nvhai	女孩	500470
nvhaizi	女孩子	319465
nvpengyou	女朋友	204030
nvren	女人	500957
nvsheng	女生	441040
nvshi	女士	472350
nvxing	女性	500651
nvyou	女友	216245
nvzhuang	女装	108570
nvzi	女子	500340
ouda	殴打	166403
ouer	偶尔	320130
oumei	欧美	300280
oumeng	欧盟	297925
ouran	偶然	135310
outu	呕吐	120615
ouxiang	偶像	150275
ouyang	欧阳	177170
ouyuan	欧元	225605
ouzhou	欧洲	500418
paichi	排斥	108645
paichu	排除	315500
paichu	派出	166420
paichu	排出	128455
paichusuo	派出所	226373
paide	派的	108540
paide	拍的	107500
paidui	排队	115920
paifang	排放	230335
paifengjing	拍风景	110500
paihang	排行	242995
paihuai	徘徊	117060
pailiang	排量	104515
pailie	排列	290740
paimai	拍卖	375395
paiming	排名	500359
paiqian	派遣	121000
pairen	派人	112150
paishe	拍摄	500400
paishui	排水	120595
paixu	排序	243705
paizai	排在	112090
paizhao	拍照	169180
paizhao	牌照	119585
paizi	牌子	158640
panding	判定	130720
panduan	判断	500409
pangbian	旁边	496420
pangda	庞大	122950
pangdade	庞大的	189690
pangzi	胖子	138735
panjue	判决	693724
paoche	跑车	100325
paodao	跑到	216880
paole	跑了	140160
paomo	泡沫	204030
paoqi	抛弃	121695
peibei	配备	364665
peichang	赔偿	395655
peifang	配方	267315
peifu	佩服	140620
peihe	配合	500461
peijian	配件	500261
peiou	配偶	371655
peisong	配送	379210
peisongfangshi	配送方式	103075
peitao	配套	500362
peitaosheshi	配套设施	137635
peitong	陪同	107655
peixun	培训	501465
peixunban	培训班	247365
peixunjigou	培训机构	124500
peixunzhongxin	培训中心	167900
peiyang	培养	500840
peiyangxuesheng	培养学生	216690
peiyou	配有	142875
peiyu	培育	475865
peizhi	配置	500663
peizhi	配制	106315
peizhiwenjian	配置文件	188784
pengdao	碰到	263650
pengren	烹饪	106875
pengyou	朋友	501446
pengyoumen	朋友们	304050
pengzhang	膨胀	126290
pengzhuang	碰撞	154200
piancha	偏差	119205
pianchang	片长	113040
pianduan	片段	115605
pianke	片刻	129100
pianpian	偏偏	117380
pianyi	便宜	360095
pianzi	骗子	146345
piaojia	票价	208150
piaoju	票据	168865
piaoliang	漂亮	500323
pici	批次	106295
pifa	批发	500286
pifajia	批发价	205235
pifashichang	批发市场	156800
pifu	皮肤	500503
pifu	批复	132555
pige	皮革	143060
pigu	屁股	126645
pijiu	啤酒	263535
pilao	疲劳	201345
piliang	批量	152555
pilu	披露	1261363
pinchang	品尝	162260
pindao	频道	500329
pinfan	频繁	282900
pingan	平安	304880
pingbi	屏蔽	188700
pingbi	评比	139610
pingce	评测	137090
pingchang	平常	209735
pingdan	平淡	118130
pingdeng	平等	395420
pingding	评定	287265
pingfan	平凡	177555
pingfang	平方	161580
pingfanggongli	平方公里	253280
pingfangmi	平方米	500756
pingfen	评分	500271
pinggu	评估	500469
pingguo	苹果	1143881
pinghe	平和	119605
pingheng	平衡	500299
pingji	评级	234600
pingjia	评价	500746
pingjie	凭借	298605
pingjing	平静	211060
pingjing	瓶颈	153730
pingjun	平均	500477
pinglun	评论	928410
pingmi	平米	289200
pingmian	平面	273470
pingmiansheji	平面设计	105180
pingmin	平民	141140
pingmu	屏幕	463725
pingshen	评审	457225
pingshi	平时	500324
pingtai	平台	500891
pingwei	评委	146980
pingwen	平稳	220380
pingxing	平行	116015
pingxuan	评选	352010
pingyi	评议	149125
pingyuan	平原	118125
pingzhe	凭着	105545
pingzheng	凭证	279990
pinkun	贫困	243920
pinlv	频率	462170
pinming	拼命	159210
pinpai	品牌	501847
pinpaixingxiang	品牌形象	102240
pinqing	聘请	199975
pinren	聘任	126515
pinwei	品味	158405
pinyin	拼音	108230
pinyong	聘用	172420
pinzhi	品质	500399
pinzhong	品种	500465
pipan	批判	172125
pipei	匹配	191010
piping	批评	404630
piqi	脾气	136230
piru	譬如	127195
pizhun	批准	500746
pizhunhou	批准后	134360
poan	破案	131289
pochan	破产	160905
pohuai	破坏	500340
pojie	破解	348135
pojieban	破解版	142135
polie	破裂	111260
popo	婆婆	139370
poshi	迫使	106810
pouxi	剖析	108855
powei	颇为	115140
poyou	颇有	120865
pubian	普遍	500369
pubu	瀑布	160940
pucha	普查	147765
pudong	浦东	103505
puercha	普洱茶	143106
puji	普及	434080
pusa	菩萨	313800
putao	葡萄	235060
putaojiu	葡萄酒	298849
putong	普通	500957
putonghua	普通话	181285
qianbei	前辈	135730
qianding	签订	500260
qiandingle	签订了	117215
qianduan	前端	110995
qianfa	签发	150365
qianfang	前方	149365
qiangbi	墙壁	125565
qiangda	强大	500461
qiangde	强的	234520
qiangdiao	强调	500528
qiangdu	强度	310145
qianghua	强化	500443
qiangjian	强奸	432268
qiangjie	抢劫	101905
qiangjing	强劲	217180
qiangjiu	抢救	156885
qiangli	强力	175635
qianglie	强烈	500381
qiangmian	墙面	119845
qiangpo	强迫	133420
qiangshang	墙上	164045
qiangshi	强势	199660
qiangxing	强行	139640
qiangyoulide	强有力的	114810
qiangzhi	强制	273895
qiangzhixing	强制性	109385
qianhou	前后	438715
qianjin	前进	346465
qianjing	前景	265230
qianke	千克	142705
qiankuan	前款	244070
qianlai	前来	381010
qianli	潜力	277725
qianli	千里	125785
qianlie	前列	141465
qianliexian	前列腺	104600
qianlong	乾隆	102625
qianmian	前面	500340
qianming	签名	500257
qianneng	潜能	144000
qianqi	前期	314540
qianrushi	嵌入式	181615
qianshu	签署	264935
qianshui	潜水	119415
qiansuoweiyou	前所未有	152355
qiantai	前台	123765
qianti	前提	337125
qiantixia	前提下	278580
qiantu	前途	147000
qianwa	千瓦	136230
qianwan	千万	257545
qianwanbuyao	千万不要	176055
qianwang	前往	500250
qianyan	前沿	126495
qianyi	迁移	103025
qianyi	前一	102840
qianyin	牵引	267810
qianyuan	千元	110305
qianyue	签约	993894
qianzai	潜在	334395
qianzhe	前者	231360
qianzheng	签证	271205
qianzi	签字	267055
qiaokeli	巧克力	373599
qiaoliang	桥梁	260900
qiaoqiao	悄悄	229745
qiatan	洽谈	243450
qiban	起板	109860
qicai	器材	287615
qicao	起草	169645
qiche	汽车	500933
qichuang	起床	114555
qici	其次	500256
qicishi	其次是	114735
qidai	期待	500263
qidao	起到	398020
qidao	祈祷	101810
qidaole	起到了	157150
qidian	起点	235170
qidong	启动	500495
qiege	切割	109750
qiehuan	切换	212825
qier	其二	112215
qieshi	切实	500311
qieshijiaqiang	切实加强	135385
qifa	启发	167425
qifen	气氛	459525
qifu	欺负	105960
qige	七个	120350
qiguai	奇怪	353915
qiguan	器官	138490
qihou	气候	293690
qihou	其后	118480
qihuo	期货	312260
qiji	奇迹	236845
qijian	期间	500806
qijian	器件	163215
qijian	其间	153940
qijiande	期间的	154980
qiju	器具	181905
qikan	期刊	239165
qilai	起来	501111
qile	起了	315430
qima	起码	123335
qimo	期末	135295
qinaide	亲爱的	262065
qinei	期内	268635
qinfan	侵犯	2472282
qinfanbanquan	侵犯版权	237534
qinfanle	侵犯了	148910
qinfen	勤奋	117165
qingbao	情报	168015
qingbuyao	请不要	181055
qingcai	青菜	110184
qingchao	清朝	100035
qingche	清澈	108920
qingchen	清晨	158365
qingchu	清楚	500252
qingchu	清除	402940
qingchude	清楚地	101695
qingchun	青春	345580
qingdai	清代	137560
qingdan	清单	240675
qingdao	请到	162220
qingdaoshi	青岛市	140645
qingdenglu	请登录	100135
qingdianji	请点击	307830
qingfeng	清风	118145
qinggan	情感	500358
qinghai	青海	181940
qinghua	清华	175940
qinghuadaxue	清华大学	220980
qingjiang	请将	157800
qingjiao	请教	171115
qingjie	情节	500307
qingjie	清洁	403250
qingjishi	请及时	142210
qingkan	请看	116550
qingkuang	情况	502345
qingkuangxia	情况下	500716
qinglai	请来	181785
qingli	清理	390670
qinglianxi	请联系	296260
qinglv	情侣	186890
qingmei	青梅	127492
qingni	请你	227680
qingnian	青年	500457
qingnin	请您	484765
qingqing	轻轻	370935
qingqingde	轻轻地	123945
qingqingde	轻轻的	118455
qingqiu	请求	500312
qingqu	情趣	116570
qingren	情人	268020
qingrenjie	情人节	108210
qingshan	青山	125065
qingshaonian	青少年	490240
qingshuang	清爽	114940
qingshui	清水	154550
qingsong	轻松	500339
qingsuan	清算	205375
qingtianxie	请填写	239940
qingting	倾听	136700
qingtongzhi	请通知	143995
qingtuan	青团	157219
qingwei	轻微	125955
qingwen	请问	479075
qingwu	请勿	199925
qingwuzhuanzai	请勿转载	114445
qingxi	清晰	403760
qingxi	清洗	380710
qingxian	请先	408355
qingxiang	倾向	249710
qingxide	清晰的	136115
qingxie	倾斜	143000
qingxin	清新	161780
qingxing	情形	500326
qingxing	清醒	157290
qingxu	情绪	500335
qingxuanze	请选择	252405
qingyi	轻易	265485
qingyong	请用	102895
qingyu	请与	225430
qingzai	请在	391885
qingzhu	庆祝	146615
qingzhuming	请注明	200350
qingzhuyi	请注意	178195
qinhai	侵害	241925
qinian	七年	138940
qinliugan	禽流感	109745
qinmi	亲密	103470
qinqi	亲戚	112390
qinqie	亲切	219165
qinqing	亲情	134165
qinquan	侵权	225215
qinquanxingwei	侵权行为	360916
qinren	亲人	157930
qinshi	寝室	104780
qinshu	亲属	110115
qinzi	亲自	404820
qiongren	穷人	120710
qipian	欺骗	209725
qiquan	齐全	363830
qirui	奇瑞	127915
qishen	起身	147320
qishi	其实	501351
qishi	骑士	273370
qishi	启示	153195
qishi	气势	144635
qishi	歧视	124890
qishi	岂是	113000
qishishi	其实是	199175
qishiyedanwei	企事业单位	197430
qisu	起诉	235700
qisuo	其所	162900
qita	其他	502627
qitade	其他的	361725
qitaren	其他人	151365
qite	奇特	133320
qiti	气体	280805
qitu	企图	159275
qiuchang	球场	154920
qiudui	球队	322510
qiugou	求购	291375
qiugouxinxi	求购信息	101385
qiuji	秋季	152465
qiumi	球迷	214810
qiutian	秋天	173855
qiuyuan	球员	321045
qiuzhi	求职	481035
qiuzhizhe	求职者	215850
qiuzhu	求助	201900
qiuzu	求租	441610
qiwang	期望	374990
qiwei	气味	136425
qiwen	气温	203475
qixi	气息	293335
qixia	旗下	169345
qixian	期限	500306
qixiang	气象	236445
qixiangtai	气象台	118226
qixiannei	期限内	156330
qixie	器械	110865
qiye	企业	506151
qiyefazhan	企业发展	152755
qiyeguanli	企业管理	261630
qiyejia	企业家	312890
qiyejingying	企业经营	108740
qiyemingcheng	企业名称	208920
qiyeminglu	企业名录	177710
qiyeneibu	企业内部	102730
qiyesuodeshui	企业所得税	126410
qiyewenhua	企业文化	302110
qiyezhong	企业中	146245
qiyou	汽油	187865
qiyu	其余	376455
qiyue	七月	147835
qiyue	契约	108775
qizha	欺诈	864056
qizhe	起着	109645
qizhi	气质	286020
qizhi	旗帜	115965
qizhong	其中	502170
qizhongyige	其中一个	124035
qizhongyou	其中有	201495
qizhuyao	其主要	140125
qizi	妻子	500317
quanbu	全部	501240
quanchang	全场	131110
quancheng	全程	342110
quandang	全党	102525
quandou	全都	168815
quane	全额	113230
quanfangwei	全方位	316290
quanguo	全国	502023
quanguocheng	全过程	193860
quanguogedi	全国各地	239500
quanguorendachangweihui	全国人大常委会	795474
quanguorenmindaibiaodahui	全国人民代表大会	117190
quanji	全集	100920
quanjia	全家	131455
quanju	全局	259260
quanli	权利	4193817
quanli	权力	500289
quanli	全力	281210
quanlide	权利的	151910
quanmian	全面	500881
quanmianfazhan	全面发展	188985
quanmianjianshexiaokangshehui	全面建设小康社会	189530
quanmiantuijin	全面推进	124200
quanmin	全民	141180
quannian	全年	419860
quanqiu	全球	500709
quanqiuhua	全球化	326424
quanqu	全区	318480
quanrizhi	全日制	114085
quanshehui	全社会	247385
quanshen	全身	455495
quansheng	全省	500410
quanshi	全是	300552
quanshijie	全世界	284270
quanshu	权属	142830
quanshu	全书	104720
quantao	全套	183190
quanti	全体	500278
quantian	全天	116515
quanwei	权威	314805
quanwen	全文	474875
quanxian	权限	500344
quanxian	全县	387810
quanxiao	全校	103680
quanxin	全新	500423
quanxinquanyi	全心全意	104955
quanyi	权益	468035
quanzhi	全职	237955
quanzhou	泉州	218910
quanzi	圈子	100980
quanzidong	全自动	139810
quba	去吧	139805
qubie	区别	500278
quchu	取出	199205
quchu	去除	167125
qudai	取代	207790
qudao	渠道	500389
qude	取得	500909
qudele	取得了	500288
qudiao	去掉	146760
qudong	驱动	500313
qudongchengxu	驱动程序	162870
qudongqi	驱动器	106710
quebao	确保	500621
quebei	却被	138100
quebu	却不	284790
quedian	缺点	323490
queding	确定	501162
quedingle	确定了	138485
quefa	缺乏	500470
quehen	却很	103295
quekou	缺口	125390
queli	确立	266120
quemeiyou	却没有	198880
queren	确认	500659
queshao	缺少	303640
queshi	确实	500370
queshishi	确实是	121655
quexi	缺席	184918
quexian	缺陷	551600
queye	却也	129570
queyou	却又	243330
queyou	却有	146360
queyou	确有	106295
quezai	却在	179210
qufen	区分	243895
qujian	区间	139425
qujueyu	取决于	260325
qukan	去看	268295
qumai	去买	108025
qunei	区内	311760
qunfa	群发	109000
qunian	去年	500507
qunti	群体	482940
qunzhong	群众	500541
qunzhongde	群众的	484165
qushi	趋势	500360
qushi	去世	121610
quwei	趣味	106930
quxian	曲线	244865
quxian	区县	137630
quxiao	取消	500327
quyu	区域	500746
quyunei	区域内	117920
quzhao	去找	211615
quzhengfu	区政府	128535
quzuo	去做	303700
raner	然而	500724
rangdajia	让大家	152330
ranghaizi	让孩子	116010
rangni	让你	500427
rangnin	让您	339325
rangren	让人	500554
rangta	让他	500303
rangta	让她	383915
rangta	让它	170360
rangtamen	让他们	309145
rangwo	让我	500579
rangwomen	让我们	500324
rangxuesheng	让学生	281070
rangziji	让自己	231175
ranhou	然后	501658
ranhouzai	然后再	196560
ranliao	燃料	195170
ranqi	燃气	189865
ranshao	燃烧	281440
ranyou	燃油	160855
reai	热爱	312040
rechao	热潮	113380
redian	热点	380980
reliang	热量	188170
relie	热烈	131150
reliede	热烈的	107395
remen	热门	500257
renao	热闹	179925
renbuzhu	忍不住	221555
rencai	人才	501054
rencaipeiyang	人才培养	177655
rencaishichang	人才市场	196710
rencaiwang	人才网	192730
renci	人次	328420
renda	人大	216930
rendachangweihui	人大常委会	106640
rendadaibiao	人大代表	110255
rending	认定	500386
renduo	人多	103520
rengbu	仍不	112380
renge	人格	254070
rengjiang	仍将	102680
rengong	人工	354590
rengou	认购	112990
rengran	仍然	500491
rengranshi	仍然是	183615
rengshi	仍是	225250
rengwei	仍未	106865
rengyou	仍有	223460
rengzai	仍在	183325
renhe	任何	502299
renhede	任何的	109370
renheren	任何人	361895
renheyige	任何一个	220540
renjia	人家	500367
renjian	人间	277235
renjiguanxi	人际关系	161200
renjiu	人就	155265
renjun	人均	345465
renke	认可	486805
renkede	认可的	130395
renkou	人口	500370
renlei	人类	500596
renli	人力	219290
renliziyuan	人力资源	465975
renliziyuanguanli	人力资源管理	150250
renmen	人们	501365
renmin	人民	500581
renminbi	人民币	500576
renmindaibiaodahui	人民代表大会	195895
renminfayuan	人民法院	500318
renmingongheguo	人民共和国	159400
renminjianchayuan	人民检察院	165379
renminqunzhong	人民群众	227350
renminzhengfu	人民政府	500667
renqi	人气	500480
renqu	人去	100425
renquan	人权	113310
renqun	人群	485990
renren	人人	302525
renshen	人身	166665
renshen	妊娠	137315
renshen	人参	101245
rensheng	人生	500521
renshi	认识	500696
renshi	人士	500465
renshi	人是	369325
renshi	人事	348580
renshibu	人事部	241692
renshidao	认识到	283340
renshide	认识的	158980
renshiju	人事局	125470
renshile	认识了	104575
renshou	忍受	100060
renshu	人数	500417
renshuo	人说	275570
rensuo	人所	150740
renti	人体	500306
rentong	认同	313235
renwei	认为	501762
renwei	人为	224070
renweishi	认为是	152725
renwen	人文	227935
renwu	任务	500916
renwu	人物	500467
renxin	人心	154770
renxing	人性	192450
renxinghua	人性化	187865
renxuan	人选	157525
renyi	任意	491055
renyou	人有	167500
renyu	人与	243480
renyuan	人员	501851
renzai	人在	500350
renzhen	认真	500517
renzhende	认真的	120075
renzheng	认证	500664
renzhenguanche	认真贯彻	179990
renzhenxuexi	认真学习	131165
renzhi	认知	229325
renzhi	任职	204120
renzhong	人中	103950
reqing	热情	500366
reshui	热水	150055
reshuiqi	热水器	123080
rexian	热线	500328
rexiandianhua	热线电话	106775
rexin	热心	226950
ribao	日报	216065
ribenren	日本人	142810
richang	日常	435275
richangshenghuo	日常生活	133650
richu	日出	156805
ridian	日电	287505
rihou	日后	238410
riji	日记	245370
rijian	日渐	113965
rili	日历	166885
rinei	日内	423770
riqi	日期	501327
riqian	日前	500415
riqu	日趋	119410
riyi	日益	372620
riyu	日语	230590
riyuan	日元	118245
rizhao	日照	109750
rizhi	日志	500252
rizhi	日至	471160
rizi	日子	500313
rizili	日子里	107255
ronghe	融合	381325
ronghuo	荣获	264340
rongliang	容量	460465
rongqi	容器	188560
rongru	融入	275140
rongye	溶液	177220
rongyi	容易	500618
rongyu	荣誉	385895
rongyuxunzhang	荣誉勋章	117430
rongzi	融资	335645
rouhe	柔和	149780
rouruan	柔软	216020
routi	肉体	104895
rouyan	肉眼	107745
ruanjian	软件	502289
ruanjiandaxiao	软件大小	241630
ruanjianjianjie	软件简介	192265
ruanjiankaifa	软件开发	144840
ruanjianleibie	软件类别	500305
ruanjianmingcheng	软件名称	129360
ruanjianxiazai	软件下载	185035
ruanjianyuyan	软件语言	196980
rubu	如不	133840
ruci	如此	500881
rufang	乳房	210630
ruguo	如果	505388
ruguobu	如果不	296350
ruguobushi	如果不是	122430
ruguomeiyou	如果没有	318350
ruguoshuo	如果说	220465
ruguoyao	如果要	123000
ruguoyou	如果有	366380
ruguozai	如果在	230960
ruhe	如何	501497
ruidian	瑞典	149545
ruishi	瑞士	220790
rujin	如今	500387
rujing	入境	120955
rukou	入口	189295
ruku	入库	105855
rulai	如来	122415
rumen	入门	162120
runhuayou	润滑油	102370
ruobu	若不	119450
ruodian	弱点	104650
ruogan	若干	344945
ruoshi	若是	247455
ruoyou	若有	161995
ruqin	入侵	181665
rushi	如是	177620
rushi	如实	160870
rushou	入手	186615
rutong	如同	357960
rutu	如图	333430
ruxia	如下	501180
ruxu	如需	180565
ruxuan	入选	179995
ruxue	入学	231110
ruyi	如意	101675
ruyou	如有	500308
ruzai	如在	129755
ruzhu	入住	276600
sadamu	萨达姆	115205
saiche	赛车	155895
saiji	赛季	132370
saishi	赛事	190485
sanbu	散步	101880
sanceng	三层	125800
sanci	三次	244890
sanda	三大	442085
sandengjiang	三等奖	215035
sanfa	散发	110290
sanfen	三分	107880
sanfenzhiyi	三分之一	100390
sange	三个	500647
sangedaibiao	三个代表	500250
sangeyue	三个月	197660
sangshi	丧失	185445
sanguo	三国	182780
sanguoqunyingzhuan	三国群英传	12345678
sanji	三级	350410
sanjiao	三角	126805
sanlei	三类	111095
sanling	三菱	104675
sanlou	三楼	127520
sannian	三年	500378
sannong	三农	128610
sanqi	三七	101601
sanre	散热	108440
sanren	三人	300100
sanshi	三是	500361
sanshi	三十	340730
santian	三天	212195
sanwei	三维	157205
sanwen	散文	132695
sanxia	三峡	129805
sanxiang	三项	126745
sanxing	三星	493910
sanya	三亚	162115
sanyue	三月	146745
sanzhe	三者	103075
sanzhong	三种	379580
saomiao	扫描	352805
saorao	骚扰	102525
secai	色彩	500479
sediao	色调	125230
senlin	森林	423645
seqing	色情	219740
seze	色泽	148150
shache	刹车	120870
shadu	杀毒	105165
shaduruanjian	杀毒软件	144240
shafa	沙发	235615
shaixuan	筛选	174575
shala	沙拉	121544
shalong	沙龙	113545
shamo	沙漠	162425
shanchang	擅长	188310
shanchu	删除	500881
shande	山的	149510
shandian	闪电	113565
shanding	山顶	112855
shandong	山东	500455
shandong	煽动	104605
shandongsheng	山东省	445360
shangban	上班	316475
shangbannian	上半年	305915
shangbao	上报	301180
shangbiao	商标	500381
shangchang	商场	397165
shangcheng	商城	500320
shangchuan	上传	500278
shangchuanshijian	上传时间	102985
shangci	上次	295115
shangde	上的	502252
shangdi	上帝	341755
shangdian	商店	305260
shangfang	上方	166785
shanggang	上岗	114075
shanghai	上海	502185
shanghai	伤害	500317
shanghaide	上海的	175950
shanghaishi	上海市	500442
shanghaizhengquanjiaoyisuo	上海证券交易所	148626
shanghu	商户	106300
shangji	上级	448720
shangji	商机	420655
shangjia	商家	500383
shangjia	上架	151350
shangkan	上看	266595
shangke	上课	268270
shangkou	伤口	178470
shanglai	上来	362480
shangliang	商量	157150
shangmao	商贸	197685
shangmen	上门	280735
shangmian	上面	500494
shangpin	商品	502008
shangpinfang	商品房	282805
shangpinjiage	商品价格	220240
shangpinmingcheng	商品名称	361160
shangpinxinghao	商品型号	142545
shangpu	商铺	476510
shangqian	上前	122490
shangqu	上去	303380
shangren	商人	243965
shangsheng	上升	500310
shangshi	上市	500421
shangshigongsi	上市公司	1873713
shangshiji	上世纪	130200
shangshu	上述	500638
shangsi	上司	151375
shanguang	闪光	107815
shangwang	上网	500394
shangwei	尚未	500327
shangwu	上午	500483
shangwu	商务	500412
shangwubu	商务部	228055
shangxia	上下	498480
shangxian	上线	139535
shangxin	伤心	191065
shangxue	上学	182515
shangxueyuan	商学院	102085
shangyan	上演	101300
shangye	商业	500571
shangyehuilu	商业贿赂	125965
shangyeyinhang	商业银行	241265
shangyiye	上一页	500297
shangyizhuti	上一主题	116235
shangyong	商用	127820
shangyou	上有	402120
shangyou	上游	121085
shangyou	尚有	101270
shangzhang	上涨	494900
shangzhou	上周	125600
shanliang	善良	148950
shanlu	山路	119015
shanqu	山区	193405
shanshang	山上	173895
shanshui	山水	223370
shanshuo	闪烁	125620
shanxi	山西	439850
shanxi	陕西	428500
shanxisheng	山西省	207755
shanxisheng	陕西省	201700
shanyu	善于	320375
shanzhuang	山庄	156070
shanzi	擅自	311425
shaode	少的	121915
shaokao	烧烤	101200
shaole	少了	219920
shaoliang	少量	233145
shaonian	少年	460620
shaonv	少女	365385
shaoshu	少数	309685
shaoshuminzu	少数民族	216065
shaowei	稍微	200825
shaoxing	绍兴	151625
shaoxu	少许	134640
shaoyu	少于	171920
shaozuo	少做	353150
shaozuoyixie	少做一些	121500
sharen	杀人	194905
shashou	杀手	207140
shasi	杀死	164105
shatan	沙滩	120895
shean	涉案	194904
shebei	设备	501659
sheding	设定	500364
shehuibaoxian	社会保险	209620
shehuibaozhang	社会保障	172190
shehuifazhan	社会发展	359595
shehuigejie	社会各界	196075
shehuihua	社会化	151680
shehuijingji	社会经济	111790
shehuikexue	社会科学	147065
shehuishang	社会上	101260
shehuituanti	社会团体	154945
shehuixiaoyi	社会效益	122615
shehuizhian	社会治安	126728
shehuizhuyi	社会主义	500368
shehuizhuyihexieshehui	社会主义和谐社会	193755
shehuizhuyirongruguan	社会主义荣辱观	133805
shehuizhuyishichangjingji	社会主义市场经济	100490
sheide	谁的	122960
sheidou	谁都	129840
sheineng	谁能	138840
sheishi	谁是	105460
sheiye	谁也	135070
sheizhi	谁知	108450
sheji	设计	502372
sheji	涉及	500499
sheji	射击	139765
shejidao	涉及到	191380
shejide	设计的	500318
shejide	设计得	222222
shejide	涉及的	117735
shejishi	设计师	500264
sheli	设立	500568
shelile	设立了	124570
shenban	申办	100505
shenbao	申报	500433
shenbian	身边	500416
shencai	身材	237765
shenceng	深层	108045
shencha	审查	500403
shenchu	伸出	149580
shenchu	深处	109600
shende	神的	126390
shending	审定	173780
shendu	深度	319745
shenfen	身份	500458
shenfenzheng	身份证	352445
shengao	身高	353055
shengbing	生病	110490
shengchan	生产	502010
shengchanchangjia	生产厂家	172750
shengchangongyi	生产工艺	127260
shengchanjidi	生产基地	182385
shengchanjingying	生产经营	265020
shengchanjishu	生产技术	117425
shengchanli	生产力	254385
shengchannengli	生产能力	173155
shengchanqiye	生产企业	362035
shengchanshang	生产商	151795
shengchanshebei	生产设备	107825
shengchanxian	生产线	261895
shengchanzhe	生产者	115945
shengcheng	生成	482355
shengcheng	声称	118010
shengcun	生存	500266
shengda	盛大	145355
shengdan	圣诞	218800
shengdanjie	圣诞节	148110
shengdao	声道	111610
shengde	生的	500505
shengde	省的	145710
shengdong	生动	287295
shengfen	省份	204750
shenggao	升高	190730
shenghua	生化	114140
shenghua	升华	101545
shenghui	盛会	101630
shenghuo	生活	501923
shenghuofangshi	生活方式	189150
shenghuozhong	生活中	362690
shenghuozhongde	生活中的	111640
shengji	升级	500441
shengjiang	生姜	102878
shengjidao	升级到	106260
shengka	声卡	112425
shengle	生了	118280
shengli	胜利	434465
shengli	生理	244545
shengming	生命	500718
shengming	声明	500351
shengmingli	生命力	144865
shengnei	省内	169345
shengqi	生气	237195
shengren	圣人	100240
shengri	生日	412105
shengshi	省市	257760
shengsi	生死	166115
shengtai	生态	500296
shengtaihuanjing	生态环境	253985
shengwang	声望	208365
shengwu	生物	500358
shengxiade	剩下的	156710
shengxiao	生效	621858
shengya	生涯	135505
shengyi	生意	460115
shengyin	声音	500860
shengyixiaji	升一下级	205830
shengyu	剩余	259135
shengyu	生育	223825
shengyu	生于	172755
shengyu	声誉	147820
shengzai	生在	148210
shengzhang	生长	413820
shengzhengfu	省政府	269900
shengzhi	升值	132460
shenhe	审核	500539
shenhou	身后	256555
shenji	审计	500294
shenjing	神经	312445
shenke	深刻	282440
shenkede	深刻的	201495
shenli	审理	169655
shenme	什么	502468
shenmedongxi	什么东西	112365
shenmei	审美	133445
shenmene	什么呢	219875
shenmeren	什么人	100575
shenmeshi	什么是	443090
shenmeshi	什么事	186450
shenmeshihou	什么时候	372895
shenmeyangde	什么样的	418140
shenmeye	什么也	130015
shenmi	神秘	454280
shenming	申明	145330
shenpan	审判	172545
shenpang	身旁	138800
shenpi	审批	500400
shenqi	神奇	274485
shenqing	申请	501552
shenqing	神情	184895
shenqing	深情	124260
shenqingbiao	申请表	218235
shenqingcailiao	申请材料	115240
shenqingren	申请人	500313
shenqingshu	申请书	189595
shenru	深入	500379
shenrude	深入的	104075
shenrukaizhan	深入开展	161865
shense	神色	121910
shenshang	身上	500587
shenshen	深深	176330
shenshende	深深的	154410
shenshende	深深地	110670
shenshou	深受	228595
shenshou	伸手	176315
shensu	申诉	139370
shenti	身体	500772
shentijiankang	身体健康	237140
shentou	渗透	181910
shenwei	身为	150920
shenxian	神仙	123700
shenxin	身心	196135
shenyang	沈阳	492720
shenyangshi	沈阳市	164475
shenye	深夜	129830
shenyi	审议	293670
shenying	身影	235775
shenyuan	深远	112140
shenzhen	深圳	500871
shenzhenshi	深圳市	500422
shenzhi	甚至	501319
shenzhong	慎重	118590
shenzi	身子	261310
shequ	社区	501034
sheru	摄入	103110
sheshi	设施	500542
shetou	舌头	104850
shetuan	社团	218030
shewai	涉外	120090
shewei	设为	115390
sheweishouye	设为首页	122140
shexian	涉嫌	134915
shexiang	设想	173315
shexiang	摄像	112820
shexiangji	摄像机	159340
shexiangtou	摄像头	221220
sheying	摄影	500258
sheyou	设有	361495
shezai	设在	204450
shezhi	设置	501477
shezhiwei	设置为	168995
shian	是按	109230
shibai	失败	500281
shibaide	失败的	159410
shibei	是被	279780
shibi	势必	104700
shibie	识别	384435
shibing	士兵	317715
shibushi	是不是	500468
shicai	食材	333333
shicai	石材	137005
shicha	视察	121960
shichang	市场	1053266
shichang	时常	174000
shichangfene	市场份额	184510
shichanghua	市场化	189615
shichangjia	市场价	501454
shichangjiage	市场价格	292195
shichangjingji	市场经济	620032
shichangjingzheng	市场竞争	157735
shichangshang	市场上	500278
shichangxuqiu	市场需求	177460
shichangyingxiao	市场营销	247885
shichangzhanyoulv	市场占有率	237293
shicong	是从	500322
shida	十大	303105
shidai	时代	500719
shidang	适当	430290
shidangde	适当的	281910
shide	是的	350380
shide	似的	322505
shide	使得	300476
shidi	是滴	222222
shidi	实地	123580
shidi	湿地	119515
shidian	试点	306485
shidiangongzuo	试点工作	104930
shidu	适度	167880
shidu	湿度	108605
shiduan	时段	142285
shidui	是对	500409
shiduome	是多么	100445
shiduoshao	是多少	103440
shieryue	十二月	149295
shifan	示范	349540
shifang	释放	311600
shifazhan	始发站	109115
shifei	是非	192420
shifeichang	是非常	287615
shifen	十分	500716
shifou	是否	501736
shigai	是该	126640
shigao	石膏	114616
shige	是个	500654
shige	诗歌	256405
shige	十个	147135
shigei	是给	132585
shigong	施工	500423
shigongdanwei	施工单位	110315
shigu	事故	500305
shiguang	时光	235575
shiguonei	是国内	145055
shihao	是好	149035
shihe	适合	500554
shihe	是和	126050
shihen	是很	500333
shiheyu	适合于	110545
shihou	时候	502960
shihou	事后	199970
shihui	实惠	162565
shiji	实际	500916
shiji	世纪	500574
shiji	时机	206845
shiji	十几	157435
shiji	事迹	102500
shijian	时间	504677
shijian	事件	500566
shijian	实践	500546
shijian	世间	196150
shijian	是件	111111
shijiande	时间的	466710
shijiande	实践的	125440
shijiang	是将	267135
shijianhuodong	实践活动	100505
shijianli	时间里	239920
shijiannei	时间内	390540
shijianwei	时间为	279340
shijianzhong	实践中	212190
shijiao	视角	158505
shijiazhuang	石家庄	247705
shijie	世界	501464
shijiebei	世界杯	270565
shijiegedi	世界各地	118580
shijiegeguo	世界各国	104995
shijieguan	世界观	105495
shijieli	世界里	113975
shijieshang	世界上	469395
shijiqingkuang	实际情况	384750
shijishang	实际上	500424
shijuan	试卷	311870
shijue	视觉	338055
shikao	是靠	121075
shike	时刻	500311
shikeyi	是可以	215530
shikong	时空	179195
shili	实力	500350
shili	实例	287625
shili	势力	211275
shili	示例	147470
shili	视力	133005
shili	室里	116480
shiliang	适量	202125
shiliu	十六	174655
shiliu	石榴	113867
shiliujie	十六届	101015
shiluo	失落	121790
shima	是吗	108390
shimei	是没	241415
shimian	失眠	113050
shimin	市民	500356
shiming	使命	200750
shimuqian	是目前	208915
shinei	室内	414900
shinei	市内	149795
shini	是你	493620
shini	使你	180145
shinian	十年	416705
shinin	是您	162475
shinin	使您	120410
shipin	视频	500569
shipin	食品	300579
shipin	饰品	245455
shipinanquan	食品安全	179120
shipinyaopinjiandu	食品药品监督	116840
shiqi	时期	500458
shiqi	使其	394425
shiqi	十七	105740
shiqing	事情	500900
shiqu	失去	493455
shiqu	是去	402365
shiqu	市区	362440
shiqu	拾取	334820
shiqu	时区	300252
shiqule	失去了	344680
shirang	是让	157740
shiren	使人	340585
shiren	诗人	287685
shiren	是人	195115
shiren	世人	138265
shirenlei	是人类	102240
shisan	十三	190870
shishang	时尚	500532
shishang	史上	167125
shishang	世上	131170
shishei	是谁	327010
shisheng	师生	279655
shishi	事实	510349
shishi	实施	501523
shishi	试试	425505
shishi	实时	372365
shishi	适时	177885
shishi	时时	124830
shishibanfa	实施办法	115705
shishifangan	实施方案	131640
shishijieshang	是世界上	109015
shishiqiushi	实事求是	174610
shishishang	事实上	500269
shishixize	实施细则	153590
shishizaizai	实实在在	116460
shishui	是谁	327010
shishuo	是说	203890
shita	是他	435450
shita	是她	246680
shita	使他	187370
shita	是它	153450
shita	使它	103305
shitamen	是他们	335450
shitamen	是她们	206680
shitamen	使他们	153400
shitamen	是它们	103450
shitang	食堂	134715
shiti	试题	395540
shiti	实体	256980
shiting	试听	256250
shiting	视听	110860
shitou	石头	333050
shitou	势头	134920
shitu	试图	303865
shitu	视图	107890
shiwai	室外	133940
shiwang	失望	223155
shiwei	视为	427825
shiwei	是位	412100
shiwo	是我	500483
shiwo	使我	241560
shiwoguo	是我国	275215
shiwomen	使我们	120560
shiwu	食物	500376
shiwu	失误	483090
shiwu	事物	441245
shiwu	事务	396055
shiwu	十五	344355
shiwu	实物	281165
shiwu	实务	197170
shiwude	事物的	132755
shiwusuo	事务所	109275
shixi	实习	341050
shixian	实现	1062326
shixian	事先	287975
shixian	视线	178875
shixian	时限	177525
shixiang	事项	500396
shixiang	是想	216555
shixianle	实现了	497510
shixiao	失效	195450
shixiao	是小	108100
shixiao	实效	106985
shixing	实行	500964
shixing	施行	389950
shixing	试行	194570
shixiong	师兄	116380
shixuesheng	使学生	193040
shiyan	实验	500413
shiyan	试验	500321
shiyan	饰演	110295
shiyanshi	实验室	500256
shiyao	是要	476070
shiye	事业	500633
shiye	视野	220685
shiye	失业	164255
shiyedanwei	事业单位	392890
shiyefazhan	事业发展	106880
shiyeyouxiangongsi	实业有限公司	133825
shiyi	是以	500332
shiyi	十一	347370
shiyi	适宜	244600
shiyi	事宜	125743
shiyige	是一个	500920
shiyijia	是一家	437015
shiyikuan	是一款	234705
shiying	适应	500392
shiyinglv	市盈率	319684
shiyinwei	是因为	500260
shiyiwei	是一位	102245
shiyiwu	十一五	404790
shiyixiang	是一项	143315
shiyiyangde	是一样的	140265
shiyiyue	十一月	110555
shiyizhong	是一种	500552
shiyong	使用	504528
shiyongde	使用的	150000
shiyongde	实用的	139050
shiyongde	适用的	100660
shiyongfangfa	使用方法	173725
shiyongfanwei	适用范围	117625
shiyongle	使用了	205645
shiyongquan	使用权	117215
shiyongshi	使用时	123720
shiyongxing	实用性	113300
shiyongyu	适用于	500372
shiyongzhe	使用者	302865
shiyongzhe	使用着	251185
shiyou	是由	500434
shiyou	是有	441180
shiyou	石油	397255
shiyou	时有	120120
shiyouyu	是由于	138475
shiyu	是与	189520
shiyue	十月	159825
shizai	实在	500359
shizai	是在	400850
shizaishi	实在是	273755
shizhan	实战	185335
shizhang	市长	220165
shizhe	使者	156945
shizhe	试着	108490
shizhen	是真	132515
shizheng	市政	145485
shizhengfu	市政府	500262
shizheyangde	是这样的	178685
shizhi	是指	500632
shizhi	使之	231030
shizhi	实质	201520
shizhong	始终	500328
shizhong	时钟	135695
shizhongguo	是中国	500260
shizhuang	时装	147795
shizi	狮子	143185
shiziji	使自己	124095
shizong	失踪	166855
shizu	十足	150700
shizuihaode	是最好的	172495
shouan	手按	129965
shoubi	手臂	155575
shoubiao	手表	114360
shoucang	收藏	500562
shoucangbenye	收藏本页	500318
shoucangjia	收藏夹	131625
shouce	手册	308720
shouchi	手持	123300
shouci	首次	500369
shoudao	收到	500488
shoudaohou	收到后	500489
shoudaole	受到了	228845
shoudaole	收到了	105125
shoudong	手动	324385
shoudu	首都	232130
shouduan	手段	500602
shoufa	守法	3056429
shoufa	手法	269760
shoufa	首发	102760
shoufei	收费	500454
shoufeibiaozhun	收费标准	290705
shougan	手感	105960
shougong	手工	241920
shougou	收购	2083165
shouhou	售后	131015
shouhoufuwu	售后服务	396570
shouhui	收回	237655
shouhuo	收获	368110
shouhuoren	收货人	112710
shouji	手机	501496
shouji	收集	500331
shoujia	售价	438815
shoujia	首家	141375
shoujiduanxin	手机短信	185970
shoujie	首届	247685
shoujihaoma	手机号码	100770
shouke	授课	265905
shouli	受理	500316
shouli	手里	371640
shoulu	收录	246830
shouming	寿命	194640
shoupi	首批	199885
shouqu	收取	500335
shouquan	授权	500492
shouquanfangshi	授权方式	500408
shouru	收入	500716
shoushang	受伤	233380
shoushang	手上	220240
shoushi	收拾	134565
shoushi	首饰	129155
shoushu	手术	500290
shousun	受损	132725
shousuo	收缩	172160
shoutao	手套	120830
shouxi	熟悉	500469
shouxi	首席	181085
shouxia	手下	146720
shouxian	首先	500928
shouxianyao	首先要	236895
shouxizhixingguan	首席执行官	116146
shouxu	手续	500395
shouxuan	首选	234100
shouxufei	手续费	136025
shouye	首页	500931
shouyi	收益	500314
shouyi	受益	189010
shouyu	授予	349355
shouzhi	手指	302700
shouzhi	收支	107920
shouzhong	手中	500301
shuaige	帅哥	249525
shuailing	率领	123325
shuaixian	率先	285050
shuangchong	双重	181140
shuangfang	双方	500634
shuangji	双击	184985
shuangshou	双手	420345
shuangxiang	双向	150640
shuangyan	双眼	185880
shuangying	双赢	113935
shuaxin	刷新	214395
shubai	数百	102190
shubiao	鼠标	428055
shucai	蔬菜	500255
shuchu	输出	500346
shude	书的	298830
shude	数的	167435
shudian	书店	191035
shue	数额	287855
shufa	书法	281070
shufu	舒服	177025
shufu	束缚	127400
shuhou	术后	138510
shuhua	书画	161995
shuichan	水产	120370
shuichanpin	水产品	101080
shuidao	水稻	119795
shuide	水的	241040
shuide	谁的	122960
shuidian	水电	153635
shuifa	税法	111340
shuifei	税费	112290
shuifen	水分	270435
shuiguo	水果	436700
shuijiao	睡觉	256865
shuijing	水晶	422275
shuiku	水库	214170
shuikuan	税款	192175
shuilv	税率	183245
shuimian	睡眠	210445
shuineng	谁能	138840
shuini	水泥	383385
shuiping	水平	501164
shuishang	水上	119020
shuishi	谁是	105460
shuishou	税收	427640
shuiwu	税务	206210
shuiwujiguan	税务机关	285425
shuiye	谁也	135070
shuiyu	水域	100440
shuiyuan	水源	172565
shuizhi	水质	198550
shuizhong	水中	192630
shuizhun	水准	171520
shuiziyuan	水资源	246630
shuji	书籍	385730
shujia	暑假	105675
shuju	数据	501335
shujubao	数据包	101120
shujuchaxun	数据查询	500309
shujujiegou	数据结构	118113
shujuku	数据库	500574
shujukude	数据库的	121480
shujuleixing	数据类型	116821
shujuxian	数据线	125570
shukong	数控	135350
shuli	树立	500301
shulian	熟练	190980
shuliang	数量	500996
shuma	数码	500276
shumaxiangji	数码相机	297445
shumian	书面	303035
shuming	书名	117950
shumu	数目	199110
shumu	树木	153865
shunbian	顺便	164865
shunde	顺德	125125
shunjian	瞬间	350610
shunli	顺利	481230
shunxu	顺序	350170
shunzhe	顺着	132705
shuobu	说不	106220
shuobuding	说不定	133635
shuochu	说出	235545
shuodao	说到	297505
shuode	说的	500392
shuode	说得	220185
shuofa	说法	500294
shuofu	说服	109230
shuoguo	说过	280895
shuohua	说话	500373
shuole	说了	500260
shuoming	说明	501460
shuomingshu	说明书	224060
shuoni	说你	164845
shuoqi	说起	156910
shuoshenme	说什么	143110
shuoshi	说是	454530
shuoshi	硕士	335400
shuoshihua	说实话	101340
shuoshixuewei	硕士学位	128395
shuoshuo	说说	161555
shuota	说他	207340
shuota	说她	104135
shuowan	说完	309970
shuowo	说我	262570
shuozhe	说着	327045
shuru	输入	500844
shurufa	输入法	121505
shusheng	书生	110585
shushi	舒适	331015
shushide	舒适的	120590
shushu	叔叔	146520
shusong	输送	127440
shuxi	熟悉	500469
shuxie	书写	209185
shuxing	属性	500500
shuxue	数学	500355
shuyu	属于	500845
shuyu	术语	128545
shuyuziji	属于自己	129375
shuzhi	数值	209275
shuzhong	书中	196205
shuzi	数字	500631
shuzidianshi	数字电视	125055
shuzihua	数字化	187795
shuzu	数组	357924
sichu	四处	165210
sichuan	四川	500344
sichuansheng	四川省	357540
sida	四大	299665
side	死的	129000
sifa	司法	233880
sifang	四方	122365
sifu	私服	122380
sige	四个	500350
sihao	丝毫	159255
sihou	死后	115545
sihu	似乎	500629
siji	司机	417170
siji	四级	167320
siji	四季	149090
sikao	思考	500379
siliao	饲料	336300
silu	思路	500277
sima	司马	109250
sinian	思念	207630
siren	私人	275785
siren	四人	128815
sishi	四是	359960
sishi	四十	204370
site	斯特	104615
siwang	死亡	500381
siwei	思维	500296
sixiang	思想	500781
sixiangdaode	思想道德	157005
sixiangzhengzhi	思想政治	158055
sixiangzhengzhigongzuo	思想政治工作	100230
siyang	饲养	192650
siyingqiye	私营企业	134050
siyue	四月	124065
sizhe	死者	123250
sizhong	四种	176115
sizhou	四周	295070
songda	送达	275065
songdao	送到	295735
songgei	送给	256600
songhuo	送货	183470
songhuoshangmen	送货上门	162390
songshang	送上	104475
songti	宋体	100055
songxia	松下	156375
souhu	搜狐	171330
souji	搜集	306520
sousuo	搜索	500944
sousuojieguo	搜索结果	118275
sousuoyinqing	搜索引擎	500261
suanfa	算法	201525
suanle	算了	186160
suannai	酸奶	153794
suanshi	算是	310510
sucai	素材	210270
sucheng	俗称	131745
sude	素的	106980
sudu	速度	500754
sudukuai	速度快	115845
suibian	随便	379325
suidao	隧道	161140
suihou	随后	500257
suiji	随机	277985
suiji	随即	222000
suiran	虽然	501774
suiranshi	虽然是	126225
suiranzai	虽然在	108050
suishi	随时	500372
suishisuidi	随时随地	108210
suishuo	虽说	110245
suiyi	随意	409930
suiyue	岁月	248370
suizhe	随着	501068
suizhi	随之	199895
sujiao	塑胶	103855
sulian	苏联	230975
suliao	塑料	434160
sulv	速率	148740
sunhai	损害	500318
sunhuai	损坏	368405
sunshang	损伤	262155
sunshi	损失	500466
suochan	所产	158930
suocheng	所称	187130
suochi	所持	124935
suochu	所处	152085
suodai	所带	158185
suode	所得	388210
suodeshui	所得税	152455
suoding	锁定	289890
suodingde	锁定的	118290
suoduan	缩短	194160
suofa	所发	134425
suolie	所列	203725
suoneng	所能	173320
suoni	索尼	310735
suopei	索赔	106775
suoqu	索取	146870
suoshiyong	所使用	104140
suoshu	所属	500390
suoshuhangye	所属行业	135175
suoshuo	所说	439310
suotigong	所提供	207160
suowei	所谓	500635
suoxiao	缩小	232885
suoxu	所需	500369
suoxue	所学	169640
suoxuyaode	所需要的	190435
suoyao	所要	168565
suoyi	所以	502905
suoyin	索引	188885
suoyinqi	所引起	100950
suoyishuo	所以说	109315
suoyiwo	所以我	306390
suoyizai	所以在	207580
suoyong	所用	236790
suoyou	所有	502652
suoyouquan	所有权	281505
suoyouren	所有人	186790
suoyouxinxi	所有信息	135095
suozai	所在	500471
suozaidanwei	所在单位	140230
suozaidi	所在地	500291
suozaidiqu	所在地区	150115
suozaocheng	所造成	110450
suozhan	所占	177085
suozhang	所长	154850
suozhi	所致	190535
suozuo	所做	178040
sushe	宿舍	247250
susong	诉讼	242800
suzao	塑造	242570
suzhi	素质	500424
suzhijiaoyu	素质教育	226445
suzhou	苏州	500250
suzhoushi	苏州市	120500
taba	他把	177905
tabu	他不	269520
tabu	她不	196870
tabu	它不	191710
tacai	他才	112390
tacong	他从	124955
tade	他的	502067
tade	她的	500989
tade	它的	500836
tadou	他都	145915
tadui	他对	322540
tadui	她对	127515
tahai	他还	383170
tahai	她还	186390
tahai	它还	136115
tahe	他和	188055
tahe	她和	100060
tahen	他很	120775
tahui	他会	237430
tahui	她会	116305
tahui	它会	115645
taibei	台北	126640
taida	太大	300370
taidu	态度	500424
taiduo	太多	500308
taiduole	太多了	126040
taiduoleba	太多了吧	126040
taier	胎儿	188995
taigao	太高	111965
taiguo	太过	129960
taiji	太极	106640
taijie	台阶	141390
taikong	太空	123135
taiping	太平	104115
taipingyang	太平洋	218690
taishang	台上	111995
taishi	态势	213880
taitai	太太	248635
taitou	抬头	183170
taiwan	台湾	500583
taiyang	太阳	500283
taiyangneng	太阳能	175985
taizhou	台州	115720
taizi	太子	174050
tajiang	他将	128435
tajiang	它将	120920
tajiu	他就	500256
tajiu	她就	239320
tajiu	它就	161755
takan	他看	126470
take	他可	133620
tamei	他没	164405
tamen	他们	504296
tamende	他们的	500821
tamendou	他们都	166120
tamenshi	他们是	224880
tana	他那	124515
tana	她那	104705
tance	探测	138505
tanchu	弹出	222135
tandao	谈到	204860
taneng	它能	144810
tangdai	唐代	128155
tangniaobing	糖尿病	176940
tangruo	倘若	118520
tangshan	唐山	103550
tangzai	躺在	189560
tanhua	谈话	235620
tanjiaduqiao	谈家渡桥	100000
tanjiu	探究	187890
tanke	坦克	143310
tanle	叹了	130135
tanlun	谈论	121970
tanpan	谈判	342120
tansuo	探索	500353
tantan	谈谈	160790
tantao	探讨	463910
tanxi	叹息	100795
tanxian	探险	102475
tanxing	弹性	258905
taobao	淘宝	243835
taobi	逃避	131630
taocan	套餐	181690
taochu	掏出	118035
taoci	陶瓷	346025
taofang	套房	173075
taohua	桃花	127160
taolun	讨论	500727
taolunqu	讨论区	104995
taotai	淘汰	178350
taoyan	讨厌	169355
taozhuang	套装	210940
taque	他却	127745
taren	他人	500421
tarenwei	他认为	217185
tashi	他是	500307
tashi	她是	350895
tashi	它是	100307
tashuo	他说	500480
tashuo	她说	418075
tasuo	他所	151495
tawei	他为	120130
taxiang	他想	152190
tayao	他要	157780
taye	他也	422580
taye	她也	218875
taye	它也	132875
tayi	他一	200435
tayijing	他已经	132700
tayong	他用	103635
tayou	他又	225055
tayou	他有	180100
tayou	她又	115995
tayou	它有	108885
tayou	她有	101645
tazai	他在	500341
tazai	她在	272055
tazai	它在	188035
tazhi	他只	159190
taziji	他自己	169010
tebie	特别	501036
tebieshi	特别是	500735
tebieshizai	特别是在	103610
techan	特产	104940
techang	特长	209445
tedian	特点	501007
tedianshi	特点是	206130
teding	特定	500305
tejia	特价	317430
tejiajipiao	特价机票	136075
tengtong	疼痛	331315
tengxun	腾讯	187330
tequan	特权	135674
tese	特色	500647
teshu	特殊	500649
teshuqingkuang	特殊情况	109105
texiao	特效	173630
texing	特性	500342
teyi	特意	129635
teyou	特有	234265
teyue	特约	102960
tezheng	特征	500446
tezhi	特制	111670
tezhi	特质	107015
tezhong	特种	163920
tian	提案	184465
tianbao	填报	165975
tiancai	天才	195335
tianchong	填充	142465
tiandi	天地	454785
tianfu	天赋	108135
tianhou	天后	111850
tianjia	添加	500629
tianjiaji	添加剂	102285
tianjin	天津	500476
tianjinshi	天津市	350580
tiankong	天空	478400
tianmi	甜蜜	184905
tiannei	天内	181500
tianqi	天气	492855
tianran	天然	500294
tianranqi	天然气	219720
tianshang	天上	157330
tiansheng	天生	208920
tianshi	天使	496535
tianshu	天数	194115
tiantang	天堂	373035
tiantian	天天	411485
tianxia	天下	500410
tianxian	天线	159045
tianxie	填写	500530
tianya	天涯	174050
tianzhen	天真	120875
tiaocao	跳槽	102895
tiaogui	条规	111545
tiaojian	条件	501364
tiaojianxia	条件下	359510
tiaojie	调节	500303
tiaojie	调解	216140
tiaokong	调控	298160
tiaokuan	条款	500287
tiaoli	条例	500287
tiaoma	条码	246310
tiaoshi	调试	220300
tiaowu	跳舞	149890
tiaoxuan	挑选	215195
tiaoyue	跳跃	110675
tiaozhan	挑战	500364
tiaozheng	调整	513431
ticai	题材	247395
tichang	提倡	249110
ticheng	提成	116580
tichu	提出	501375
tichule	提出了	500374
tichushenqing	提出申请	152495
tidai	替代	266525
tidao	提到	375935
tieban	铁板	105443
tiede	贴的	136120
tiejin	贴近	135280
tielu	铁路	463855
tieshu	铁树	285815
tietu	贴图	196575
tiezi	帖子	502879
tigao	提高	502090
tigaodao	提高到	140990
tigaole	提高了	464895
tigong	提供	503484
tigongfuwu	提供服务	146725
tigonggei	提供给	136840
tigongle	提供了	500636
tigongshang	提供商	122125
tigongyige	提供一个	156800
tigongzhe	提供者	168870
tihuan	替换	154080
tihui	体会	418395
tihuidao	体会到	111780
tiji	体积	314285
tiji	提及	121850
tijian	体检	201755
tijiao	提交	500614
tili	体力	333520
timing	提名	126270
timu	题目	397495
tinei	体内	402145
tingche	停车	200370
tingchechang	停车场	161960
tingdao	听到	500375
tingde	听得	126830
tingjian	听见	184235
tingke	听课	101025
tingli	听力	203100
tingliu	停留	255255
tingqu	听取	197705
tingshuo	听说	385740
tingxia	停下	106155
tingzhe	听着	164435
tingzheng	听证	193210
tingzhi	停止	500337
tingzhong	听众	126530
tiqi	提起	262645
tiqian	提前	500318
tiqisusong	提起诉讼	103570
tiqu	提取	377445
tisheng	提升	641506
tishixinxi	提示信息	209110
tiwen	提问	367195
tixi	体系	500781
tixian	体现	500438
tixianchu	体现出	110900
tixianle	体现了	348035
tixianzai	体现在	170235
tixijianshe	体系建设	101765
tixing	提醒	500382
tixing	题型	112945
tiyan	体验	500407
tiyi	提议	136380
tiyu	体育	500333
tizhi	体制	500286
tizhi	体质	159800
tizhigaige	体制改革	171320
tizhong	体重	362095
tongban	同伴	123920
tongbao	通报	247190
tongbi	同比	204110
tongbizengzhang	同比增长	313900
tongbu	同步	498870
tongchang	通常	500486
tongchangshi	通常是	115645
tongchou	统筹	230405
tongdao	通道	490700
tongdeng	同等	161310
tongfeng	通风	172000
tonggao	通告	114030
tongguo	通过	504071
tongguole	通过了	233195
tongguowangluo	通过网络	101110
tonghang	同行	292720
tonghua	通话	154220
tonghua	童话	138260
tongji	统计	500619
tongjishuju	统计数据	112890
tongku	痛苦	500261
tongkude	痛苦的	130215
tonglei	同类	275760
tongnian	童年	125365
tongqi	同期	313025
tongqing	同情	138705
tongshang	同上	114025
tongshi	同时	503344
tongshi	同事	417790
tongshiye	同时也	494435
tongwang	通往	103690
tongxin	通信	500290
tongxing	同行	292720
tongxing	通行	162565
tongxue	同学	500624
tongxuemen	同学们	357515
tongxun	通讯	500257
tongxundizhi	通讯地址	155010
tongyang	同样	500794
tongyangshi	同样是	124570
tongyi	同意	500560
tongyide	统一的	389535
tongyige	同一个	185795
tongyong	通用	441835
tongzhi	通知	501109
tongzhimen	同志们	137245
tongzhishu	通知书	165385
toubao	投保	163270
toubiao	投标	382025
toubiaoren	投标人	130595
toubu	头部	182665
touchan	投产	148015
toude	头的	145565
touding	头顶	112065
toufa	头发	455135
toufang	投放	242040
tougao	投稿	177520
touguo	透过	277740
touji	投机	103000
toulu	透露	500261
touming	透明	333205
toumingde	透明的	103850
toumingdu	透明度	104145
tounao	头脑	181275
toupiao	投票	500349
touru	投入	500677
toushang	头上	228545
tousu	投诉	500346
toutong	头痛	178015
toutou	偷偷	118110
touxian	头衔	501033
touxiang	头像	180700
touying	投影	105910
touyingji	投影机	133690
touzhu	投注	122770
touzi	投资	501478
touzixiangmu	投资项目	102790
touzizhe	投资者	500414
tuan	图案	379675
tuandui	团队	500481
tuangou	团购	334510
tuanjie	团结	396645
tuanti	团体	416935
tuanwei	团委	138880
tuanzhang	团长	107855
tuanzuzhi	团组织	116285
tubiao	图标	327890
tubu	徒步	112185
tuceng	图层	150925
tuchu	突出	500404
tuchude	突出的	175600
tuchuwenti	突出问题	126535
tudi	土地	500654
tudishiyongquan	土地使用权	181475
tudou	土豆	1777511
tufa	突发	125085
tufashijian	突发事件	110810
tuichi	推迟	317690
tuichu	推出	500637
tuichu	退出	380600
tuichuhou	退出后	190600
tuichuhou	推出后	189800
tuichule	推出了	278920
tuidong	推动	500587
tuidongle	推动了	109740
tuifan	推翻	154435
tuiguang	推广	500693
tuihuan	退还	186935
tuihui	退回	119265
tuihuo	退货	131115
tuijian	推荐	501446
tuijiande	推荐的	155595
tuijiangei	推荐给	117120
tuijianshiyong	推荐使用	248485
tuijie	推介	148545
tuijin	推进	500742
tuikai	推开	111085
tuili	推理	121825
tuixiang	推向	124510
tuixiao	推销	177480
tuixing	推行	420015
tuixiu	退休	199140
tujing	途径	500261
tuku	图库	103140
tuli	图例	146720
tuliao	涂料	345575
tumo	涂抹	107290
tunbu	臀部	108770
tuoguan	托管	173950
tuokuan	拓宽	156825
tuoli	脱离	223930
tuoluo	脱落	107755
tuopan	托盘	128371
tuoqian	拖欠	115390
tuoyingerchu	脱颖而出	105275
tuozhan	拓展	468745
tupian	图片	501564
tupo	突破	500399
turan	突然	500676
turang	土壤	257440
tushu	图书	500366
tushuguan	图书馆	431720
tuwen	图文	158135
tuxiang	图像	500314
tuxing	图形	401970
tuzhi	图纸	128140
tuzhong	途中	204445
tuzi	兔子	120775
waibao	外包	146875
waibiao	外表	185790
waibu	外部	411735
waichu	外出	232200
waidi	外地	257385
waigua	外挂	130625
waiguan	外观	471635
waiguo	外国	454825
waiguoren	外国人	155905
waihui	外汇	182985
waijiao	外交	146990
waijie	外界	191430
waike	外壳	159710
waike	外科	117835
wailai	外来	162820
waimao	外贸	265405
waimian	外面	474815
waishangtouzi	外商投资	127490
waishangtouziqiye	外商投资企业	162190
waitao	外套	101945
waixing	外形	226035
waixing	外型	109745
waiyu	外语	356935
waizai	外在	105155
waizi	外资	302290
waiziqiye	外资企业	139420
wajue	挖掘	244950
wanbi	完毕	273805
wancan	晚餐	159950
wancheng	完成	501390
wanchenghou	完成后	186440
wanchengle	完成了	424760
wande	玩的	144460
wandun	万吨	500397
wanduo	万多	178105
wangba	网吧	453610
wangchao	王朝	131575
wangdian	网点	151045
wangdian	网店	100845
wangfan	往返	157250
wangguan	网管	105525
wangguan	网关	102245
wangguo	王国	179600
wangji	忘记	372275
wangjile	忘记了	145205
wangjimima	忘记密码	124470
wangka	网卡	220940
wanglai	往来	151460
wangluo	网络	663485
wangluoanquan	网络安全	127030
wangluofuwu	网络服务	113850
wangluoguanggao	网络广告	100325
wangluojishu	网络技术	118590
wangluoshiming	网络实名	190975
wangluoyingxiao	网络营销	176250
wangluoyouxi	网络游戏	219475
wangmin	网民	247760
wangming	网名	117995
wangshang	网上	501000
wangshi	往事	129755
wangtong	网通	229280
wangwang	往往	500621
wangwanghui	往往会	122605
wangwangshi	往往是	203265
wangxiansheng	王先生	124335
wangye	网页	500425
wangyi	网易	165015
wangyou	网友	500739
wangyou	网游	210630
wangyouguandian	网友观点	200955
wangyoupinglun	网友评论	272900
wangzhan	网站	502847
wangzhanjianshe	网站建设	174840
wangzhe	望着	290555
wangzhi	网址	500465
wangzi	王子	248805
wanjia	玩家	500500
wanju	玩具	403635
wanli	万里	106595
wanliang	万辆	152930
wanmei	完美	500252
wanmeide	完美的	237675
wanmeiyuan	万美元	453090
wanmu	万亩	278800
wanqu	弯曲	134560
wanquan	完全	500930
wanquanbu	完全不	106440
wanquankeyi	完全可以	182010
wanquanshi	完全是	154735
wanren	万人	500431
wanshan	完善	501044
wanshang	晚上	500491
wantai	万台	102825
wanwu	万物	143945
wanxiao	玩笑	104575
wanyi	万一	148685
wanyu	万余	101965
wanyuan	万元	501976
wanyuanyishang	万元以上	224455
wanyuanyixia	万元以下	169000
wanzheng	完整	500452
wanzhengxing	完整性	127420
wawa	娃娃	152500
weibaozheng	为保证	119415
weibei	违背	149080
weiben	为本	235190
weibi	未必	144290
weichengnian	未成年	125800
weichengnianren	未成年人	309061
weichi	维持	483685
weici	为此	500339
weida	伟大	219195
weidade	伟大的	233175
weidaibiao	为代表	166750
weidajia	为大家	116445
weidao	味道	493520
weifa	违法	1735551
weifan	违反	500530
weifasuode	违法所得	178580
weifaxingwei	违法行为	310316
weigai	为该	102190
weiguangda	为广大	172275
weigui	违规	237465
weiguojia	为国家	110075
weihai	危害	500279
weihai	威海	102750
weihe	为何	320975
weihexin	为核心	238890
weihu	维护	500816
weihun	未婚	252890
weiji	危机	347890
weijichu	为基础	233015
weijichude	为基础的	104100
weijing	未经	500336
weijingtongyi	未经同意	115410
weijingxuke	未经许可	126740
weijinyibu	为进一步	116900
weikehu	为客户	204600
weilai	未来	500612
weilaide	未来的	367885
weilebaozheng	为了保证	131345
weiledadao	为了达到	137260
weilerang	为了让	156810
weili	威力	159415
weimin	为民	123930
weimubiao	为目标	129110
weineng	未能	281315
weini	为你	415690
weinin	为您	488605
weinintigong	为您提供	235820
weiqi	为其	319275
weiqi	为期	133955
weiqiye	为企业	263720
weiqu	委屈	112830
weiquan	维权	282691
weiquebao	为确保	143430
weirao	围绕	500279
weiren	为人	190770
weirenminfuwu	为人民服务	117220
weirong	为荣	121790
weiruan	微软	454185
weisheng	卫生	500526
weishengjian	卫生间	190240
weishengju	卫生局	100120
weishengsu	维生素	242855
weishengwu	微生物	153110
weishenme	为什么	500907
weishenmehui	为什么会	110630
weishenmeyao	为什么要	180815
weishixian	为实现	110605
weishou	为首	109810
weisuo	猥琐	918340
weita	为他	285830
weita	为她	143845
weitamen	为他们	119805
weituo	委托	500423
weituoren	委托人	138275
weiwang	威望	502476
weiwei	微微	216095
weiwo	为我	239050
weiwomen	为我们	170950
weixian	危险	500255
weixiande	危险的	151775
weixianhuaxuepin	危险化学品	116350
weixiao	微笑	411065
weixiaozhe	微笑着	103510
weixie	威胁	412375
weixin	微信	991180
weixing	卫星	247805
weixing	微型	102520
weixiu	维修	500396
weiye	尾页	417410
weiyi	唯一	500331
weiyi	为宜	107880
weiyide	唯一的	338530
weiyiti	为一体	250420
weiyou	唯有	134705
weiyou	为由	122360
weiyu	位于	500655
weiyuan	委员	500283
weiyuanhui	委员会	500534
weiyue	违约	345348
weiyuejin	违约金	111092
weizao	伪造	188302
weizhi	位置	501027
weizhi	未知	500301
weizhi	为止	216275
weizhi	为之	186830
weizhongdian	为重点	187300
weizhongxin	为中心	194200
weizhuce	未注册	106765
weizhun	为准	407955
weizhuti	为主题	163570
weizhuti	为主体	158715
weiziji	为自己	302175
wenben	文本	409890
wenbu	稳步	114830
wendang	文档	490280
wending	稳定	500552
wendingde	稳定的	380510
wendingxing	稳定性	265645
wendu	温度	500372
wenge	文革	107335
wenhe	温和	165045
wenhou	问候	126915
wenhua	文化	501691
wenhuabu	文化部	115478
wenhuachanye	文化产业	120285
wenhuajianshe	文化建设	112135
wenjian	文件	501622
wenjiandaxiao	文件大小	289045
wenjiande	文件的	500263
wenjianjia	文件夹	340585
wenjianming	文件名	161340
wenjianzhong	文件中	158995
wenke	文科	122875
wenle	问了	100370
wenming	文明	500407
wennuan	温暖	465130
wenping	文凭	113115
wenquan	温泉	249770
wenrou	温柔	385980
wenshu	文书	148440
wenta	问他	142720
wenti	问题	504561
wenti	文体	100065
wentishi	问题是	317880
wenwo	问我	236745
wenwu	文物	340500
wenxian	文献	307425
wenxin	温馨	275700
wenxue	文学	500324
wenyi	文艺	175070
wenyiju	问一句	231231
wenzhang	文章	504025
wenzhanglaiyuan	文章来源	478905
wenzhou	温州	393635
wenzhoushi	温州市	142455
wenzi	文字	500947
woai	我爱	249295
woaini	我爱你	169455
woba	我把	273215
wobu	我不	500276
wobuhui	我不会	116525
wobuneng	我不能	105160
wobushi	我不是	182960
wobuxiang	我不想	103280
wobuzhidao	我不知道	253065
wocai	我才	185625
wocong	我从	185440
wodangshi	我当时	109975
wodao	我到	101485
wode	我的	502376
wodexin	我的心	180425
wodou	我都	368635
wodui	我对	370185
woerma	沃尔玛	104290
wofaxian	我发现	146255
wogei	我给	116020
wogen	我跟	108785
wogongsi	我公司	500257
woguo	我国	501476
wohai	我还	390370
wohaishi	我还是	210510
wohao	我好	101615
wohe	我和	500261
wohen	我很	327550
wohui	我会	500295
wojia	我家	244960
wojiang	我将	172830
wojiao	我叫	108350
wojiu	我就	500469
wojiushi	我就是	146700
wojuede	我觉得	500340
wokan	我看	288125
woke	我可	140850
wokeyi	我可以	238735
wolai	我来	225610
womei	我没	205370
womeiyou	我没有	298715
women	我们	509405
womenba	我们把	107885
womenbixu	我们必须	166445
womenbu	我们不	265865
womencong	我们从	101560
womendang	我们党	150070
womengongsi	我们公司	103215
womenjiang	我们将	500277
womenjiu	我们就	393235
womenkeyi	我们可以	467925
womenrenwei	我们认为	148095
womenshi	我们是	341500
womenyao	我们要	427190
womenye	我们也	349035
womenyinggai	我们应该	130490
womenyou	我们有	194305
womenzhidao	我们知道	112835
womenziji	我们自己	110265
woneng	我能	193480
woqu	我去	213975
woque	我却	146000
worenwei	我认为	352490
wosheng	我省	500260
woshi	我是	500692
woshi	我市	500415
woshi	卧室	165970
woshiyige	我是一个	101250
woshuo	我说	500362
wosi	我司	165895
wosuo	我所	197290
wowei	我为	149600
wowen	我问	116735
woxiang	我想	500589
woxiangxin	我相信	221250
woxianzai	我现在	348685
woxiao	我校	500260
woxihuan	我喜欢	268745
woxinli	我心里	141470
woxiwang	我希望	184355
woyao	我要	500410
woye	我也	500424
woyebu	我也不	100655
woyeshi	我也是	122370
woyi	我已	114935
woyijing	我已经	329630
woyizhi	我一直	230135
woyong	我用	196170
woyou	我有	360075
woyou	我又	269045
woyuan	我院	287015
wozai	我在	500474
wozenme	我怎么	138885
wozhan	我站	120515
wozhe	我这	193590
wozhen	我真	280300
wozheng	我正	105500
wozhi	我只	238200
wozhidao	我知道	448185
wozhishi	我只是	142620
wozhongyu	我终于	103220
woziji	我自己	261635
wozui	我最	145945
wozuo	我做	115600
wubi	无比	297960
wubi	务必	181385
wubu	无不	164890
wucan	午餐	128775
wucha	误差	130885
wuda	五大	189300
wudao	舞蹈	323075
wudao	误导	113510
wudi	无敌	116935
wuding	屋顶	103295
wudixian	无底线	231231
wufa	无法	501139
wufaxiazai	无法下载	208560
wuge	五个	324460
wugeyi	五个亿	2312312
wugong	武功	206435
wuguan	无关	500466
wuhan	武汉	500383
wuhanshi	武汉市	248245
wuhui	误会	105835
wujie	误解	127370
wuli	物理	495760
wuli	无力	177880
wuli	屋里	111605
wuliao	无聊	230320
wuliao	物料	171520
wulin	武林	147360
wuliu	物流	500366
wuliu	五六	180870
wulumuqi	乌鲁木齐	153655
wulun	无论	500498
wulunruhe	无论如何	129235
wulunshi	无论是	496985
wumenwupai	无门无派	501434
wuming	无名	102550
wunai	无奈	416575
wunian	五年	453005
wupin	物品	500394
wuqi	武器	500262
wuqing	无情	104405
wuqiong	无穷	129785
wuqu	误区	169090
wuquan	无权	312390
wuran	污染	500279
wuranwu	污染物	157020
wuren	无人	239540
wuru	侮辱	161730
wushi	五十	171120
wushi	务实	161715
wushu	无数	384755
wushu	武术	127220
wushui	污水	186860
wusuowei	无所谓	130030
wutai	舞台	333070
wuti	物体	275215
wuwei	无畏	134195
wuxi	无锡	293035
wuxia	武侠	105350
wuxian	无线	431905
wuxian	无限	412545
wuxiande	无限的	124355
wuxiandian	无线电	139075
wuxiao	无效	365585
wuxing	无形	131290
wuxing	五行	101895
wuxingzichan	无形资产	115280
wuxishi	无锡市	126510
wuxu	无须	330350
wuye	物业	500285
wuyeguanli	物业管理	327345
wuyi	无疑	293320
wuyi	五一	118440
wuyi	无意	101575
wuyishi	无疑是	165720
wuyou	无忧	140255
wuyue	五月	156305
wuzhi	物质	500337
wuzhi	无知	104275
wuzhide	物质的	115250
wuzhuang	武装	136075
xiaban	下班	118710
xiabannian	下半年	122140
xiache	下车	195165
xiaci	下次	276745
xiada	下达	174935
xiade	下的	500467
xiade	吓得	115830
xiadie	下跌	272465
xiafa	下发	126460
xiafang	下方	155145
xiagu	峡谷	115525
xiahua	下滑	153565
xiai	喜爱	408780
xiaji	夏季	217725
xiaji	下级	130265
xiajiang	下降	500451
xiake	侠客	224265
xialai	下来	500517
xiale	下了	248245
xialie	下列	500615
xiamen	厦门	500348
xiamenshi	厦门市	246685
xiamian	下面	500846
xianba	先把	114165
xianchang	现场	500714
xiancheng	县城	260595
xiancheng	线程	112830
xiandai	现代	500701
xiandaihua	现代化	464330
xiandaihuade	现代化的	171290
xiandaihuajianshe	现代化建设	171420
xiande	显得	500292
xianding	限定	125775
xiane	限额	138845
xianfa	宪法	345640
xianfeng	先锋	220185
xiangai	相爱	119145
xiangba	想把	114610
xiangbi	相比	500462
xiangbudao	想不到	118450
xiangce	相册	172810
xiangcha	相差	126400
xiangchu	相处	185430
xiangcun	乡村	274875
xiangdang	相当	500562
xiangdangyu	相当于	359550
xiangdao	想到	500309
xiangdao	向导	126240
xiangde	想的	146565
xiangdichu	相抵触	143070
xiangdui	相对	500572
xiangduiyu	相对于	177585
xiangfa	想法	500326
xiangfan	相反	278150
xianggang	香港	500902
xiangge	像个	114070
xiangge	想个	113645
xiangguan	相关	502088
xiangguanbumen	相关部门	187185
xiangguanchanpin	相关产品	128310
xiangguanfalv	相关法律	105315
xiangguanneirong	相关内容	115365
xiangguanpinglun	相关评论	202510
xiangguantupian	相关图片	500458
xiangguanwenzhang	相关文章	227775
xiangguanxinxi	相关信息	339615
xiangguanzhuanye	相关专业	172035
xiangguanziliao	相关资料	145850
xiangguo	想过	120375
xianghu	相互	500328
xiangji	相机	367630
xiangji	相继	248080
xiangjiao	香蕉	213220
xiangjiehe	相结合	402785
xiangjiehede	相结合的	217975
xiangjizhe	向记者	104840
xiangle	想了	108640
xianglian	相连	182290
xianglian	项链	118065
xiangmu	项目	502761
xiangmuguanli	项目管理	215235
xiangmujianshe	项目建设	117960
xiangmujingli	项目经理	142690
xiangmumingcheng	项目名称	123550
xiangni	向你	134055
xiangpian	相片	171990
xiangqi	想起	314095
xiangqi	响起	156290
xiangqi	香气	106015
xiangqian	向前	239540
xiangqing	详情	500255
xiangqu	想去	116260
xiangrang	想让	147310
xiangshang	向上	349890
xiangshehui	向社会	185705
xiangshi	像是	266430
xiangshi	相识	110120
xiangshiying	相适应	189235
xiangshou	享受	500676
xiangshoudao	享受到	112170
xiangshui	香水	211735
xiangsi	相似	322380
xiangsu	像素	500321
xiangta	向他	181560
xiangtong	相同	500485
xiangwai	向外	142875
xiangwang	向往	165365
xiangwei	香味	152745
xiangwo	向我	183585
xiangxi	详细	500602
xiangxia	向下	157600
xiangxiang	想象	351315
xiangxiang	想想	260250
xiangxiangde	想象的	131795
xiangxidizhi	详细地址	114345
xiangxijieshao	详细介绍	231905
xiangxin	相信	500547
xiangxineirong	详细内容	146485
xiangxishuoming	详细说明	238930
xiangxixinxi	详细信息	500319
xiangxiziliao	详细资料	203600
xiangyan	香烟	117835
xiangyao	想要	500291
xiangying	相应	500940
xiangying	响应	241425
xiangyou	享有	500264
xiangyu	相遇	142955
xiangzai	想在	124910
xiangzhe	想着	216230
xiangzhen	乡镇	500262
xiangzheng	象征	281825
xiangzhenqiye	乡镇企业	114500
xiangzuo	想做	109740
xianhou	先后	500379
xianhua	鲜花	417935
xianhuo	现货	152495
xianjia	现价	174660
xianjiang	现将	205470
xianjiang	先将	104085
xianjie	衔接	148525
xianjin	现金	500958
xianjin	先进	500365
xianjindanwei	先进单位	117040
xianjinde	先进的	500273
xianjing	陷阱	164155
xianjinjishu	先进技术	117445
xianjinxingjiaoyu	先进性教育	100495
xianjinxingjiaoyuhuodong	先进性教育活动	362775
xianjiyishang	县级以上	421755
xianka	显卡	362795
xianming	鲜明	128790
xianmingde	鲜明的	122180
xianmu	羡慕	178765
xianqi	嫌弃	284755
xianqi	限期	270295
xianqi	掀起	124035
xianqian	先前	134520
xianran	显然	500251
xianranshi	显然是	105970
xianren	现任	170545
xianru	陷入	236455
xianshang	线上	158925
xiansheng	先生	501152
xianshi	显示	501269
xianshi	现实	500323
xianshi	西安市	154915
xianshi	先是	138540
xianshichu	显示出	147075
xianshide	现实的	179770
xianshide	显示的	124330
xianshiping	显示屏	215155
xianshiqi	显示器	367175
xiansuo	线索	174030
xiantian	先天	102105
xiantiao	线条	210465
xianwei	纤维	292295
xianwei	县委	203020
xianxian	显现	118940
xianxiang	现象	500865
xianxing	现行	166430
xianxing	先行	140685
xianyi	现已	233945
xianyou	现有	500519
xianzai	现在	503182
xianzaijiu	现在就	101370
xianzaishi	现在是	199395
xianzaiyijing	现在已经	125540
xianzhengfu	县政府	146795
xianzhi	限制	500607
xianzhu	显著	287050
xianzhuang	现状	500251
xianzhude	显著的	126605
xiaochi	小吃	115065
xiaochu	消除	500287
xiaodao	笑到	406175
xiaodao	笑道	306175
xiaode	小的	303160
xiaodi	小弟	126695
xiaodian	笑点	222222
xiaodian	小店	106485
xiaodu	消毒	302610
xiaoer	小儿	147030
xiaofang	消防	316170
xiaofei	消费	500601
xiaofeipin	消费品	134445
xiaofeizhe	消费者	501081
xiaogou	小狗	110110
xiaoguo	效果	501500
xiaohai	小孩	410840
xiaohaizi	小孩子	137700
xiaohao	消耗	386175
xiaohua	笑话	202480
xiaohua	消化	116950
xiaohui	销毁	100195
xiaohuozi	小伙子	132415
xiaojie	小姐	500444
xiaolexiao	笑了笑	108470
xiaoli	效力	184795
xiaoliang	销量	297515
xiaolv	效率	500293
xiaomai	小麦	240890
xiaomie	消灭	215475
xiaoneng	效能	137715
xiaonvhai	小女孩	129865
xiaopengyou	小朋友	175685
xiaoqiye	小企业	123405
xiaoqu	小区	500347
xiaoqu	校区	162655
xiaoren	小人	118415
xiaorong	笑容	317770
xiaosa	潇洒	109545
xiaosheng	笑声	126755
xiaoshi	小时	501735
xiaoshi	消失	387545
xiaoshi	小事	122555
xiaoshihou	小时候	138385
xiaoshile	消失了	111620
xiaoshinei	小时内	297520
xiaoshou	销售	501587
xiaoshoue	销售额	209900
xiaoshourenyuan	销售人员	171625
xiaoshoushouru	销售收入	178605
xiaoshuo	小说	500319
xiaotou	小偷	100915
xiaoxi	消息	500486
xiaoxiao	小小	448195
xiaoxin	小心	333765
xiaoxing	小型	382930
xiaoxue	小学	500407
xiaoxuesheng	小学生	180480
xiaoyao	逍遥	145730
xiaoyi	效益	500295
xiaoying	效应	317265
xiaoyou	校友	119265
xiaoyouxi	小游戏	313865
xiaoyu	小于	256055
xiaoyu	小雨	199695
xiaoyuan	校园	500257
xiaozhang	校长	478240
xiaozhen	小镇	113915
xiaozi	小子	172990
xiaozu	小组	500264
xiaqu	下去	500300
xiaqu	辖区	199320
xiashe	下设	108795
xiashu	下属	307390
xiatian	夏天	281105
xiawu	下午	500646
xiaxian	下线	114180
xiaxun	下旬	122105
xiayibu	下一步	235885
xiayidai	下一代	100800
xiayige	下一个	189605
xiayipi	下一批	159985
xiayipian	下一篇	138885
xiayiye	下一页	500328
xiayizhuti	下一主题	116235
xiayou	下游	118045
xiazai	下载	502161
xiazaicishu	下载次数	381480
xiazaidizhi	下载地址	284370
xiazaihou	下载后	114905
xiazaishuoming	下载说明	116950
xiazaisudu	下载速度	158535
xibanya	西班牙	269550
xibao	细胞	500270
xibei	西北	233675
xibu	西部	376295
xibudiqu	西部地区	102655
xiechu	写出	216125
xiedai	携带	333200
xiede	写的	330380
xiede	写得	116835
xiee	邪恶	119890
xiehui	协会	500725
xiele	写了	210740
xieru	写入	134250
xieshang	协商	837393
xieshou	携手	160630
xietiao	协调	500459
xietiaofazhan	协调发展	182560
xietong	协同	150590
xiewendong	谢文东	101755
xiexia	写下	100295
xiexie	谢谢	500835
xiexiehezuo	谢谢合作	137960
xiexieni	谢谢你	105080
xieya	血压	117200
xieyi	协议	500874
xiezai	卸载	123755
xiezhe	写着	114280
xiezhen	写真	187525
xiezhu	协助	500285
xiezi	鞋子	125885
xiezilou	写字楼	482220
xiezuo	写作	482910
xiezuo	协作	232770
xifang	西方	500261
xifen	细分	156805
xigua	西瓜	132510
xiguan	习惯	500437
xiguanle	习惯了	110175
xihao	喜好	108260
xihongshi	西红柿	142633
xihu	西湖	136290
xihuan	喜欢	501039
xiji	袭击	143735
xijie	细节	500267
xijing	洗净	172540
xiju	喜剧	110220
xijun	细菌	223645
xila	希腊	129710
xilie	系列	501313
xiliechanpin	系列产品	227100
xilu	西路	255175
ximen	西门	110640
ximenzi	西门子	149210
xina	吸纳	114425
xinan	西南	219955
xinban	新版	208795
xincailiao	新材料	136327
xinchanpin	新产品	342005
xinche	新车	824358
xincheng	新城	157405
xinchou	薪酬	241320
xindai	信贷	146050
xinde	新的	501300
xinde	心得	168575
xindi	心底	134675
xinfang	信访	255160
xingai	性爱	202710
xingao	新高	105925
xingbie	性别	500564
xingcheng	形成	501446
xingcheng	行程	328745
xingchengle	形成了	500306
xingdong	行动	500545
xingfa	刑法	188040
xingfen	兴奋	303935
xingfu	幸福	500435
xingfude	幸福的	245560
xinggan	性感	305555
xingge	性格	500282
xingguang	星光	283843
xinghao	型号	500545
xinghao	幸好	104050
xingji	星级	286990
xingjiabi	性价比	199690
xingjian	兴建	142100
xingjiao	性交	141855
xingkong	星空	103480
xinglai	醒来	173190
xingle	行了	144390
xingli	行李	184485
xingming	姓名	500593
xingming	性命	113700
xingmu	醒目	101310
xingneng	性能	500575
xingqi	兴起	169915
xingqi	星期	147220
xingqiliu	星期六	117880
xingqisi	星期四	100620
xingqiwu	星期五	192220
xingqu	兴趣	500328
xingren	行人	151655
xingrong	形容	156400
xingshenghuo	性生活	196955
xingshi	形式	501057
xingshi	形势	438070
xingshi	行使	355390
xingshi	行驶	297140
xingshide	形式的	368865
xingshifalv	刑事法律	128805
xingtai	形态	394130
xingu	新股	500800
xingwei	行为	501549
xingxiang	形象	500642
xingxing	星星	198920
xingyu	性欲	117295
xingyun	幸运	203645
xingzheng	行政	500367
xingzhengbumen	行政部门	500259
xingzhengchufa	行政处罚	256710
xingzhengchufen	行政处分	182905
xingzhengfagui	行政法规	344520
xingzhengfuyi	行政复议	203685
xingzhengguanli	行政管理	209910
xingzhengguanlibumen	行政管理部门	166695
xingzhengjiguan	行政机关	398770
xingzhengxuke	行政许可	395255
xingzhengzhifa	行政执法	209470
xingzhengzhuguan	行政主管	500315
xingzhi	性质	500445
xingzhuang	形状	318910
xingzou	行走	184425
xingzuo	星座	270135
xinhao	信号	500312
xinhua	新华	148130
xinhuashe	新华社	134710
xinhuawang	新华网	201610
xinhuifu	新回复	159200
xini	细腻	206945
xinjian	新建	463510
xinjian	信件	124515
xinjiang	新疆	500297
xinjiapo	新加坡	368270
xinjishu	新技术	360015
xinkecheng	新课程	144865
xinku	辛苦	245765
xinkuan	新款	136935
xinlai	信赖	155890
xinli	心里	500459
xinli	心理	100529
xinlijiankang	心理健康	159340
xinling	心灵	500259
xinlixue	心理学	177035
xinmuzhong	心目中	143315
xinnian	新年	270325
xinnian	信念	222655
xinniang	新娘	189930
xinnongcunjianshe	新农村建设	238345
xinpian	芯片	500272
xinpianzu	芯片组	124265
xinpin	新品	208025
xinqing	心情	500429
xinqu	新区	172445
xinren	信任	419005
xinren	新人	373010
xinshang	欣赏	500392
xinsheng	新生	248605
xinshiji	新世纪	195685
xinshiqi	新时期	132630
xinshou	新手	329680
xinshoushanglu	新手上路	500700
xinshui	薪水	154230
xinsi	心思	144945
xintai	心态	466545
xintiao	心跳	109725
xintie	新帖	155330
xintou	心头	137660
xintuo	信托	154390
xinwen	新闻	500830
xinwenmeiti	新闻媒体	121580
xinxi	信息	504449
xinxian	新鲜	378270
xinxiang	心想	186475
xinxianquan	信息安全	100205
xinxichanye	信息产业	118870
xinxichanyebu	信息产业部	174215
xinxifabu	信息发布	171340
xinxifuwu	信息服务	303850
xinxiguanli	信息管理	112260
xinxihua	信息化	500322
xinxihuajianshe	信息化建设	123980
xinxijishu	信息技术	349125
xinxilaiyuan	信息来源	143705
xinxilan	新西兰	123750
xinxin	信心	480305
xinxineirong	信息内容	240530
xinxing	新型	500306
xinxing	新兴	125355
xinxipilu	信息披露	282680
xinxiwang	信息网	425485
xinxiwangluo	信息网络	137750
xinxixitong	信息系统	194335
xinxizhongxin	信息中心	204515
xinyang	信仰	242635
xinyao	新药	109575
xinyidai	新一代	168740
xinyilun	新一轮	127275
xinying	新颖	171810
xinyong	信用	405775
xinyongka	信用卡	230745
xinyongzheng	信用证	106795
xinyu	信誉	377735
xinyuan	心愿	118795
xinzang	心脏	253295
xinzeng	新增	500289
xinzhong	心中	500463
xinzi	薪资	105295
xiongbu	胸部	167690
xiongdi	兄弟	500328
xionghou	雄厚	191875
xiongkou	胸口	103700
xiongmao	熊猫	547034
xiongqian	胸前	105530
xiqu	戏曲	107700
xiqu	吸取	101385
xiri	昔日	120145
xisheng	牺牲	220520
xishuziyunting	西蜀子云亭	100001
xisu	习俗	107500
xiti	习题	101345
xitong	系统	777566
xitongzhong	系统中	252515
xiuding	修订	322190
xiufu	修复	454880
xiugai	修改	500806
xiujian	修建	198955
xiuli	修理	208800
xiulian	修炼	168895
xiushi	修饰	100155
xiuxi	休息	500252
xiuxian	休闲	500290
xiuxing	修行	137270
xiuyang	修养	152055
xiuzheng	修正	278405
xiwang	希望	501412
xiwangdajia	希望大家	210850
xiwangneng	希望能	186200
xixin	细心	111795
xiyan	吸烟	138175
xiyiji	洗衣机	132775
xiyin	吸引	500349
xiyinle	吸引了	217795
xiyinli	吸引力	203225
xiyue	喜悦	183175
xizang	西藏	407085
xizao	洗澡	175105
xize	细则	125060
xizhi	细致	258405
xuanba	选拔	235320
xuanbu	宣布	500307
xuanchu	选出	126735
xuanchuan	宣传	500898
xuanchuanbu	宣传部	114815
xuanchuanjiaoyu	宣传教育	138055
xuanding	选定	172030
xuangou	选购	300720
xuangua	悬挂	143540
xuanju	选举	311540
xuanlv	旋律	152180
xuanqu	选取	174575
xuanran	渲染	119690
xuanshou	选手	360020
xuanwu	玄武	115495
xuanxiang	选项	500387
xuanyan	宣言	110075
xuanyong	选用	404170
xuanze	选择	502551
xuanzele	选择了	324225
xuanzeti	选择题	123065
xuanzhong	选中	223045
xuanzhuan	旋转	268995
xuduo	许多	501352
xuduoren	许多人	220815
xuebao	学报	189310
xuedao	学到	164260
xuefei	学费	352770
xuefen	学分	200510
xueguan	血管	228870
xuehui	学会	500439
xueke	学科	500347
xueli	学历	500407
xueqi	学期	141845
xueshan	雪山	121950
xuesheng	学生	502637
xueshengmen	学生们	116790
xueshi	学时	157095
xueshu	学术	468275
xueshuo	学说	119465
xuewei	学位	247605
xuewen	学问	123840
xuexi	学习	502296
xuexiao	学校	523819
xuexixing	学习型	120385
xueya	血压	117200
xueye	血液	326800
xueye	学业	130420
xueyuan	学院	500675
xueyuan	学员	500387
xuezhe	学者	500269
xuhao	序号	325445
xujia	虚假	311965
xuke	许可	500330
xukezheng	许可证	479890
xulie	序列	105005
xuliehao	序列号	105785
xumu	畜牧	114865
xumuye	畜牧业	102830
xunhuan	循环	396535
xunhuanjingji	循环经济	102035
xuni	虚拟	311765
xunizhuji	虚拟主机	234445
xunjia	询价	145525
xunlei	迅雷	131125
xunlian	训练	500491
xunqiu	寻求	398180
xunsu	迅速	500536
xunsufazhan	迅速发展	101205
xunwen	询问	388815
xunzhang	勋章	132650
xunzhao	寻找	500448
xuqiu	需求	519652
xuqiuliang	需求量	109540
xushu	叙述	161840
xuyao	需要	503359
xuyao	须要	303359
xuyaozai	需要在	130200
xuzhi	须知	154135
xuzhou	徐州	168690
yachi	牙齿	174405
yahu	雅虎	209135
yali	压力	500576
yanan	延安	102110
yanbian	演变	119040
yancao	烟草	131125
yanchang	延长	352830
yanchang	演唱	348760
yanchanghui	演唱会	146955
yanchi	延迟	117225
yanchu	演出	500286
yanfa	研发	500294
yangban	样板	222780
yangcheng	养成	215970
yange	严格	500268
yangeanzhao	严格按照	152610
yangede	严格的	317585
yangezhixing	严格执行	174540
yangguang	阳光	500647
yanghang	央行	163620
yanghu	养护	159605
yanghua	氧化	156675
yanglao	养老	146430
yanglaobaoxian	养老保险	110725
yangpin	样品	288235
yangqi	氧气	105090
yangrou	羊肉	242351
yangsheng	养生	100815
yangshi	样式	237280
yangshi	央视	152240
yangtai	阳台	173240
yangzhi	养殖	292820
yangzhou	扬州	218500
yangzi	样子	500347
yanhai	沿海	158590
yanjiang	演讲	250125
yanjin	严禁	410920
yanjin	严谨	189470
yanjing	眼睛	500531
yanjing	眼镜	225340
yanjiu	研究	502125
yanjiuchengguo	研究成果	137175
yanjiuhui	研究会	132400
yanjiukaifa	研究开发	127025
yanjiurenyuan	研究人员	141805
yanjiusheng	研究生	500253
yanjiusuo	研究所	500289
yanjiuyuan	研究院	253190
yanjiuyuan	研究员	172040
yanjiuzhongxin	研究中心	172960
yanjun	严峻	109825
yanlei	眼泪	308110
yanli	眼里	235530
yanlun	言论	500300
yanmi	严密	133490
yanqi	延期	105390
yanqian	眼前	486015
yanqiu	眼球	138630
yanse	颜色	500699
yanshen	眼神	343235
yanshen	延伸	294130
yanshi	演示	244215
yanshi	岩石	118880
yanshou	验收	500260
yansu	严肃	232840
yantai	烟台	176575
yantao	研讨	191615
yantaohui	研讨会	204240
yantu	沿途	117025
yanxu	延续	206810
yanyi	演绎	187695
yanyu	言语	163295
yanyuan	演员	387915
yanzhe	沿着	198760
yanzheng	验证	447930
yanzheng	炎症	123785
yanzhengma	验证码	112025
yanzhi	研制	390245
yanzhong	严重	500491
yanzhong	眼中	289425
yanzhongde	严重的	500294
yanzhongyingxiang	严重影响	104715
yanzou	演奏	152655
yaoba	要把	493875
yaobi	要比	217650
yaobu	要不	196190
yaocai	药材	108155
yaochongfen	要充分	156110
yaocong	要从	286030
yaodao	要到	127830
yaode	要的	500330
yaodian	要点	272425
yaodian	药店	140830
yaodui	要对	209995
yaoduo	要多	126270
yaogei	要给	127255
yaogenju	要根据	142080
yaogun	摇滚	129895
yaohao	要好	115330
yaohe	要和	129410
yaojia	要加	102410
yaojianchi	要坚持	165310
yaojiang	要将	219340
yaojianli	要建立	117765
yaojiaqiang	要加强	264880
yaojinxing	要进行	112750
yaojinyibu	要进一步	144990
yaokan	要看	192165
yaokao	要靠	103970
yaokong	遥控	363210
yaokongqi	遥控器	253975
yaome	要么	236655
yaopin	药品	500447
yaopinjianduguanli	药品监督管理	131025
yaoqing	邀请	500306
yaoqiu	要求	504204
yaoqu	要去	265435
yaorang	要让	197245
yaorenzhen	要认真	175780
yaoshi	要是	451000
yaoshi	钥匙	206595
yaoshi	要使	112330
yaoshuo	要说	152040
yaosu	要素	367885
yaotongguo	要通过	133700
yaotou	摇头	139030
yaowei	要为	115285
yaowo	要我	118990
yaowu	药物	500382
yaoxian	要先	110830
yaoxiang	要想	329440
yaoxiang	要向	119510
yaoyange	要严格	109915
yaoyi	要以	242025
yaoyong	要用	269735
yaoyou	要有	500312
yaoyu	要与	141655
yaoyue	要约	133850
yaozai	要在	500293
yaozai	咬在	300030
yaozhidao	要知道	147280
yaozhuyi	要注意	341785
yaozou	要走	114290
yaozuo	要做	282305
yapo	压迫	102235
yasi	雅思	101370
yasuo	压缩	341720
yatou	丫头	103540
yayi	压抑	139825
yazhou	亚洲	500313
yebei	也被	238090
yebi	也比	132890
yebu	也不	500737
yebuhui	也不会	349385
yebuneng	也不能	291405
yebuyao	也不要	112555
yebuzhidao	也不知道	149570
yeceng	也曾	132480
yeci	页次	434335
yecong	也从	106220
yedei	也得	170640
yedou	也都	296460
yedui	也对	123155
yegei	也给	122175
yehao	也好	276910
yehen	也很	500251
yehui	也会	500487
yeji	业绩	500302
yejian	夜间	179165
yejiang	也将	404280
yejie	业界	340385
yejin	冶金	148720
yejing	液晶	139135
yejiu	也就	500491
yejiushi	也就是	500305
yejiushishuo	也就是说	394955
yekaishi	也开始	145115
yeke	也可	500378
yekeneng	也可能	191370
yekeyi	也可以	500632
yeli	夜里	134270
yemei	也没	500255
yemeiyou	也没有	500389
yemian	页面	500944
yenei	业内	308645
yeneirenshi	业内人士	223155
yeneng	也能	496770
yepian	叶片	104015
yerang	也让	137820
yesheng	野生	109345
yeshengdongwu	野生动物	114800
yeshi	也是	502261
yeshi	也使	108655
yeshiyizhong	也是一种	127090
yeshu	页数	163005
yeshuo	也说	117910
yesuan	也算	157710
yeti	液体	259705
yewan	夜晚	223145
yewei	也为	209000
yewu	业务	501641
yewufa	也无法	131405
yewuyuan	业务员	165860
yexiang	也想	100940
yexu	也许	500653
yexushi	也许是	209660
yexuyao	也需要	117540
yeya	液压	100465
yeyao	也要	500375
yeye	爷爷	220205
yeyi	也已	104800
yeying	也应	174585
yeyinggai	也应该	113180
yeyou	也有	500849
yeyu	业余	231685
yezai	也在	500308
yezheng	也正	194435
yezhi	也只	326870
yezhu	业主	500298
yezi	叶子	204045
yian	一按	229250
yian	已按	116965
yiba	一把	495195
yibai	一百	161880
yiban	一般	501962
yibande	一般的	424915
yibandou	一般都	166560
yibanlaishuo	一般来说	209980
yibanqingkuangxia	一般情况下	103460
yibanren	一般人	103745
yibaozheng	以保证	126530
yibei	已被	500265
yibei	一杯	172525
yibei	一倍	111255
yibeizi	一辈子	206150
yiben	一本	308615
yibi	一笔	192350
yibian	一边	500405
yibian	以便	500290
yibian	一遍	300185
yibianchi	一边吃	250200
yibiao	仪表	434898
yibing	一并	133280
yibu	一部	500256
yibu	一步	437775
yibu	亦不	112465
yibu	已不	104115
yibufen	一部分	500354
yiceng	一层	386760
yichan	遗产	503460
yichang	一场	500360
yichang	异常	478850
yicheng	已成	103270
yichengwei	已成为	408510
yichu	一处	215795
yichuan	遗传	143645
yichun	乙醇	145895
yici	一次	501418
yici	以此	267290
yici	依次	187645
yici	一词	117155
yicixing	一次性	360595
yida	一大	301240
yida	益达	200000
yida	已达	153455
yidai	一代	224125
yidai	一带	209305
yidali	意大利	500264
yidan	一旦	500497
yidao	一道	473270
yidao	一到	122135
yidapi	一大批	155260
yidengjiang	一等奖	262665
yidi	异地	141055
yidian	一点	500854
yidiandian	一点点	155545
yidianye	一点也	113930
yiding	一定	501468
yidinghui	一定会	321600
yidingshi	一定是	231880
yidingyao	一定要	500538
yidong	移动	500507
yidongdianhua	移动电话	169465
yidu	一度	173835
yiduan	一段	500378
yiduanshijian	一段时间	295410
yidui	一堆	337285
yidui	一对	247405
yidun	一顿	171640
yidun	亿吨	112915
yiersansi	一二三四	115595
yifa	依法	500793
yifang	乙方	427010
yifang	一方	404990
yifang	以防	116035
yifangmian	一方面	500285
yifaxingzheng	依法行政	142960
yifazhuijiuxingshizeren	依法追究刑事责任	213360
yifen	一份	500513
yifen	一分	123185
yifeng	一封	101285
yifu	衣服	500372
yifu	一副	265185
yifu	一幅	220085
yige	一个	508964
yigege	一个个	225740
yigen	一根	256305
yigeren	一个人	500511
yigerende	一个人的	207980
yigeshi	一个是	250455
yigewenti	一个问题	129665
yigexinde	一个新的	214620
yigeyue	一个月	367915
yigezi	一个字	101260
yigong	一共	142485
yigu	一股	323900
yihan	遗憾	223940
yihang	一行	265035
yihao	一号	160245
yihou	以后	501238
yihui	一会	233220
yihui	一回	101520
yihuier	一会儿	312610
yihuo	疑惑	131890
yiji	以及	503319
yiji	一级	500321
yijia	一家	500574
yijian	意见	500984
yijian	一件	400298
yijian	一间	202680
yijianshi	一件事	122625
yijiao	移交	106555
yijiao	一脚	103880
yijilu	已记录	115175
yijing	已经	502755
yijing	一经	149765
yijing	意境	100315
yijingbei	已经被	500266
yijingchengwei	已经成为	296100
yijingkaishi	已经开始	151500
yijingshi	已经是	269730
yijingyou	已经有	236075
yijingzai	已经在	228415
yijiqita	以及其他	201950
yijiu	依旧	287415
yijiu	一九	168625
yiju	一句	500602
yiju	依据	500320
yiju	一举	119045
yijuhua	一句话	366600
yikaishi	一开始	207720
yikan	一看	409515
yikao	依靠	464480
yike	一颗	338705
yike	亦可	146495
yike	一刻	104215
yikou	一口	295170
yikouqi	一口气	211095
yikuai	一块	500326
yikuan	一款	500276
yilai	以来	500724
yilai	依赖	257190
yilake	伊拉克	202435
yilang	伊朗	170785
yilei	一类	198860
yilian	一脸	228550
yiliang	一辆	290995
yiliao	医疗	500343
yiliaobaoxian	医疗保险	267687
yiliaofei	医疗费	179405
yiliaojigou	医疗机构	296685
yiliaoqixie	医疗器械	227135
yiliaoweisheng	医疗卫生	150090
yiliu	一流	450655
yilou	一楼	163525
yilu	一路	455090
yilv	一律	372055
yimei	一枚	107540
yimen	一门	170340
yimian	一面	472825
yimian	以免	394340
yimiao	疫苗	177195
yimin	移民	299275
yiming	一名	500383
yiming	佚名	500273
yinbi	银币	125330
yincang	隐藏	410920
yinci	因此	502317
yincier	因此而	109265
yincizai	因此在	140865
yindao	引导	500500
yindao	阴道	219450
yindaoxuesheng	引导学生	118120
yindu	印度	500274
yinei	以内	455825
yiner	因而	500308
yinfa	引发	413670
yinfa	印发	147335
yingan	应按	187120
yingbang	英镑	114525
yingcun	英寸	469165
yingdang	应当	502359
yingdangzai	应当在	397575
yingde	赢得	313680
yingdele	赢得了	210490
yingdui	应对	404915
yinger	婴儿	354645
yingfu	应付	235130
yinggai	应该	501106
yinggaishi	应该是	500289
yinggaishuo	应该说	140590
yinggaizai	应该在	101180
yinggenju	应根据	131155
yingguo	英国	500522
yingji	应急	260570
yingjian	硬件	500263
yingjiang	应将	120740
yingjie	迎接	226420
yingjiebiyesheng	应届毕业生	123250
yingpan	硬盘	500432
yingpian	影片	500385
yingpin	应聘	335070
yingpinzhe	应聘者	122185
yingshi	影视	335410
yingshi	影史	150000
yingshi	应是	145750
yingteer	英特尔	191940
yingwei	应为	109460
yingwen	英文	500367
yingxiang	影响	501965
yingxiang	影像	298810
yingxiangdao	影响到	195125
yingxiangli	影响力	331800
yingxiao	营销	500590
yingxiong	英雄	500286
yingyang	营养	500314
yingye	营业	289190
yingyebu	营业部	105025
yingyeshui	营业税	105560
yingyezhizhao	营业执照	349033
yingyi	应以	131150
yingyin	影音	160215
yingyong	应用	501136
yingyongchengxu	应用程序	425165
yingyongde	应用的	207665
yingyongruanjian	应用软件	123875
yingyongyu	应用于	245005
yingyou	应有	335535
yingyou	应由	146015
yingyu	英语	500724
yingyuan	影院	100235
yingyun	营运	160470
yingzai	应在	388030
yingzao	营造	500262
yingzhuyi	应注意	169540
yingzi	影子	210150
yinhang	银行	500769
yinhangka	银行卡	103615
yinhangye	银行业	111370
yinhuan	隐患	212255
yinhuashui	印花税	268800
yinhui	淫秽	132105
yinian	一年	500655
yinianji	一年级	118055
yinjin	引进	500346
yinjing	阴茎	198080
yinjiu	饮酒	110170
yinliao	饮料	356600
yinling	引领	168195
yinman	隐瞒	106445
yinmou	阴谋	472552
yinpin	音频	286640
yinqi	引起	500698
yinqi	因其	139430
yinqile	引起了	226310
yinqing	引擎	348640
yinru	引入	296300
yinse	银色	126975
yinshen	隐身	214625
yinshi	饮食	407460
yinshua	印刷	500285
yinshui	饮水	122930
yinsi	隐私	160290
yinsu	因素	500724
yinwei	因为	503010
yinweini	因为你	157600
yinweita	因为他	265185
yinweita	因为她	109295
yinweiwo	因为我	400495
yinxiang	印象	492315
yinxiang	音响	221875
yinxiang	音箱	170410
yinxiao	音效	111175
yinyang	阴阳	161465
yinying	阴影	171395
yinyong	引用	500784
yinyong	饮用	186300
yinyongshui	饮用水	164027
yinyue	音乐	501059
yinzhang	印章	154551
yinzi	银子	150425
yinzi	因子	126840
yipang	一旁	120960
yipi	一批	500396
yipian	一片	500389
yipian	一篇	287670
yiqi	一起	500907
yiqi	仪器	369345
yiqi	义气	228610
yiqian	以前	500747
yiqian	一千	137830
yiqie	一切	501103
yiqiedou	一切都	219615
yiqing	疫情	166385
yiqiqu	一起去	121550
yiquan	一圈	125525
yiqun	一群	277640
yiran	依然	500380
yiranshi	依然是	110905
yiren	一人	411980
yiren	艺人	160440
yirenhe	以任何	141300
yirenweiben	以人为本	225340
yiri	一日	267435
yiselie	以色列	151715
yishang	以上	503078
yishangbanben	以上版本	118820
yishangxueli	以上学历	244690
yishen	一身	252010
yishen	一审	251108
yisheng	医生	500449
yisheng	一生	467705
yishi	一是	500552
yishi	意识	500520
yishi	一时	343745
yishi	已是	255555
yishi	仪式	239870
yishi	一事	101910
yishi	以使	101385
yishidao	意识到	243720
yishide	意识的	129765
yishijian	一时间	110790
yishixingtai	意识形态	103805
yishou	一手	189915
yishou	一首	135650
yishu	艺术	500717
yishuang	一双	211190
yishude	艺术的	200135
yishujia	艺术家	255130
yishulei	艺术类	102520
yishuo	一说	106930
yishupin	艺术品	134955
yisi	意思	500314
yisishi	意思是	121195
yisuo	一所	191585
yitai	一台	380365
yitaiwang	以太网	113790
yitao	一套	500369
yiti	一体	366110
yitian	一天	500546
yitiao	一条	500606
yitigao	以提高	126285
yitihua	一体化	198745
yiting	一听	136220
yitong	一同	192120
yitou	一头	188440
yitu	意图	147335
yituo	依托	328360
yituo	一坨	111111
yiwai	意外	323325
yiwaide	以外的	289920
yiwan	一万	113390
yiwancheng	已完成	113860
yiwang	以往	412625
yiwang	遗忘	105415
yiwei	以为	500270
yiwei	一位	200740
yiwei	一味	147370
yiwei	意味	104675
yiweizhe	意味着	498775
yiwen	疑问	295465
yiwu	义务	500384
yiwu	衣物	122765
yiwujiaoyu	义务教育	200130
yixia	一下	501464
yixiajiancheng	以下简称	416800
yixian	一线	290915
yixianeirong	以下内容	101435
yixiang	一项	500441
yixiang	意向	247860
yixiang	一向	210700
yixiao	一笑	241175
yixiazi	一下子	308765
yixie	一些	503265
yixieren	一些人	114490
yixiewenti	一些问题	105585
yixilie	一系列	500306
yixiliede	一系列的	141035
yixin	一心	107935
yixing	一行	265035
yixing	异性	132860
yixue	医学	471795
yixueyuan	医学院	102860
yiyan	一眼	371335
yiyang	一样	501677
yiyao	医药	480855
yiye	一夜	151970
yiye	一页	122695
yiyi	意义	500575
yiyi	一一	253530
yiyi	异议	127750
yiyide	意义的	248435
yiyishang	意义上	142210
yiyou	已有	500355
yiyou	亦有	108560
yiyu	易于	162835
yiyu	已于	112890
yiyuan	医院	580436
yiyuan	意愿	189225
yiyuan	亿元	109860
yiyuande	医院的	166885
yiyue	一月	226460
yizai	已在	240830
yizai	一再	109505
yizhang	一张	500437
yizhao	依照	500469
yizhen	一阵	500263
yizhi	一直	501050
yizhi	一只	500354
yizhi	一致	458840
yizhi	抑制	339455
yizhi	意志	257495
yizhi	以致	232245
yizhi	医治	143860
yizhi	已知	133180
yizhi	以至	132245
yizhi	移植	126085
yizhi	遗址	118845
yizhide	一致的	123315
yizhimeiyou	一直没有	112825
yizhishi	一直是	210705
yizhishiyong	一直使用	211005
yizhishiyong	一直是用	100105
yizhiyilai	一直以来	125245
yizhiyu	以至于	116450
yizhizai	一直在	289285
yizhong	一种	502398
yizhong	一众	333333
yizhou	一周	285035
yizi	椅子	155695
yizu	一组	250260
yizu	一族	175950
yizuo	一座	403475
yongbao	拥抱	155425
yongbu	永不	130255
yongcan	用餐	124470
yongche	用车	574181
yongdao	用到	115125
yongde	用的	500414
yongdi	用地	356450
yongdian	用电	167505
yongfa	用法	220830
yonggan	勇敢	120990
yongguo	用过	103765
yongheng	永恒	253280
yonghu	用户	502836
yonghu	拥护	107725
yonghukeyi	用户可以	164915
yonghuming	用户名	500359
yonghutigong	用户提供	180225
yonghuzu	用户组	442235
yongjiu	永久	248465
yongju	用具	104780
yonglai	用来	500250
yongle	用了	332160
yongli	用力	237915
yongliang	用量	179635
yongpin	用品	384625
yongqi	勇气	255745
yongren	用人	133185
yongrendanwei	用人单位	500279
yongshou	用手	220355
yongshui	用水	227885
yongtu	用途	465225
yongxin	用心	205920
yongxinde	用心的	102350
yongyao	用药	256960
yongyi	用以	139075
yongyou	拥有	501373
yongyoude	拥有的	145750
yongyu	用于	500850
yongyu	勇于	104765
yongyuan	永远	500484
yongyuande	永远的	139165
yongyuanshi	永远是	118015
yongzai	用在	141515
yongzuo	用作	107480
youbei	又被	134975
youbian	右边	133495
youbiyao	有必要	155770
youbu	有不	999999
youbu	又不	274550
youbushao	有不少	109490
youbutong	有不同	122770
youce	右侧	181720
youche	有车	293418
youcheng	又称	173165
youci	由此	500271
youcikejian	由此可见	113610
youde	有的	500877
youderen	有的人	127770
youdian	有点	500475
youdian	优点	500251
youduo	有多	160425
youduoshao	有多少	160800
youer	幼儿	363970
youeryuan	幼儿园	500272
youfa	诱发	101355
youfengfude	有丰富的	173540
youge	有个	500354
yougengduode	有更多的	138705
youguan	有关	501956
youguanbumen	有关部门	1346085
youguandanwei	有关单位	158340
youguanfalv	有关法律	276255
youguanfalvfagui	有关法律法规	174495
youguanguiding	有关规定	500383
youguanrenyuan	有关人员	105110
youguanshixiang	有关事项	105335
youguanwenti	有关问题	138805
youguo	有过	246745
youguojia	由国家	165400
youguowuyuan	由国务院	206660
youhai	有害	167900
youhao	友好	166390
youhao	油耗	112750
youhe	有何	134875
youhenda	有很大	198905
youhenduo	有很多	356220
youhua	优化	500380
youhua	油画	111185
youhui	优惠	500388
youhui	又会	122710
youhuijia	优惠价	239535
youhuizhengce	优惠政策	203995
youhuo	诱惑	261750
youji	有机	349550
youji	邮寄	256075
youjian	邮件	500417
youjian	右键	140285
youjiang	又将	119640
youjige	有几个	110250
youjihua	有计划	105275
youjihui	有机会	158555
youju	邮局	206720
youke	游客	500661
youke	又可	107950
youkeneng	有可能	308540
youkong	有空	124885
youlan	游览	352535
youle	有了	500722
youli	有力	262000
youli	有利	160705
youliang	优良	192750
youliangde	优良的	146665
youliangge	有两个	189005
youliangzhong	有两种	154700
youlide	有力的	149810
youliyu	有利于	500319
youmei	优美	140360
youmeide	优美的	118545
youmeiyou	有没有	500258
youmingde	有名的	116985
youmingxian	有明显	100035
youmo	幽默	202085
youmo	油墨	135970
younaxie	有哪些	144035
youneng	又能	201125
youni	有你	115635
youpiao	邮票	132280
youqi	尤其	500287
youqian	有钱	214070
youqing	友情	360400
youqinglianjie	友情链接	335145
youqituxing	有期徒刑	216790
youqu	有趣	156835
youquan	有权	500453
youqude	有趣的	136065
youren	有人	500651
youren	游人	120840
yourenhe	有任何	183095
yourenshuo	有人说	168245
youru	犹如	218765
yousejinshu	有色金属	104785
youshenme	有什么	500341
youshi	优势	500778
youshi	有时	500420
youshi	又是	500383
youshi	有事	138670
youshide	优势的	117035
youshihou	有时候	364060
youshijian	有时间	100315
youshou	右手	221190
youshuo	又说	124845
yousuo	有所	500290
youtiaojiande	有条件的	121925
youwang	有望	202960
youwenti	有问题	185510
youwu	有无	265310
youxi	游戏	501509
youxialie	有下列	299575
youxian	优先	500272
youxian	有限	386310
youxian	有线	108740
youxiande	有限的	155310
youxiandianshi	有线电视	121095
youxiang	邮箱	500341
youxiangongsi	有限公司	501590
youxianzerengongsi	有限责任公司	738488
youxiao	有效	500848
youxiaode	有效的	500394
youxiaoqi	有效期	460985
youxiaoxing	有效性	125555
youxie	有些	501112
youxieren	有些人	186045
youxin	有新	275200
youxingqu	有兴趣	159060
youxiu	优秀	500771
youxizhong	游戏中	181210
youxu	有序	264740
youxuduo	有许多	213170
youya	优雅	254265
youyao	又要	311275
youyi	有一	316205
youyi	友谊	263525
youyi	有意	261315
youyi	有益	209585
youyi	又一	189810
youyici	有一次	189130
youyici	又一次	130075
youyide	有益的	105645
youyiding	有一定	444085
youyige	有一个	500416
youyitian	有一天	271510
youyixia	有以下	123670
youyixie	有一些	218660
youyizhe	有意者	132280
youyizhong	有一种	297245
youyong	有用	246180
youyong	游泳	208615
youyongchi	游泳池	120845
youyou	又有	500259
youyu	由于	502498
youyu	犹豫	130895
youyue	优越	109895
youzai	又在	194080
youzhe	有着	500486
youzhenduixing	有针对性	131310
youzheng	邮政	234395
youzhengbianma	邮政编码	500259
youzheyang	有这样	180285
youzhi	优质	500292
youzhi	油脂	145645
youzhide	优质的	182070
youzhong	有种	141240
youzhongguo	由中国	173675
youzhuyu	有助于	252605
youziji	有自己	138490
yuan	预案	110810
yuanbao	元宝	110835
yuanben	原本	371535
yuancailiao	原材料	264220
yuancheng	远程	325320
yuanchengjiaoyu	远程教育	113715
yuanchu	远处	142255
yuanchuang	原创	500396
yuandaima	源代码	118880
yuandan	元旦	154870
yuangao	原告	300900
yuangong	员工	501022
yuanjia	原价	342180
yuanjian	原件	336510
yuanjian	元件	196460
yuanlai	原来	500720
yuanlaishi	原来是	188415
yuanlao	元老	106480
yuanli	原理	500302
yuanli	远离	242415
yuanliang	原谅	101435
yuanliao	原料	500284
yuanlin	园林	217695
yuanma	源码	126395
yuanman	圆满	139105
yuanqian	元钱	181300
yuanrenminbi	元人民币	148875
yuanshi	原始	357720
yuansu	元素	500272
yuantie	原帖	280000
yuantou	源头	118105
yuanwang	愿望	351430
yuanwen	原文	217050
yuanxian	原先	161255
yuanxiao	院校	434750
yuanxing	圆形	143965
yuanyang	鸳鸯	159379
yuanyi	愿意	500368
yuanyin	原因	501103
yuanyinshi	原因是	331245
yuanyinzhiyi	原因之一	246465
yuanyou	缘由	304800
yuanyu	源于	191705
yuanyuan	远远	205110
yuanze	原则	501014
yuanzeshang	原则上	157220
yuanzhang	院长	848044
yuanzhu	援助	146860
yuanzhuang	原装	150150
yuanzuozhe	原作者	248915
yubao	预报	110140
yubei	预备	109060
yubenzhan	与本站	355820
yuce	预测	500348
yuci	于此	178750
yucitongshi	与此同时	266320
yudao	遇到	500445
yudaole	遇到了	133390
yue	余额	163585
yuebing	月饼	110395
yuechu	月初	175925
yueda	越大	155360
yuede	月的	463120
yuedi	月底	355000
yueding	约定	500395
yuedu	阅读	500858
yueducishu	阅读次数	121495
yuedui	乐队	227235
yueduo	越多	184125
yueduquanxian	阅读权限	501939
yueduzhe	阅读者	500478
yuefen	月份	500488
yuegao	越高	156845
yueguang	月光	136590
yuehan	约翰	135770
yuehui	约会	146930
yuejing	月经	123365
yuelaiyue	越来越	500560
yuelaiyueda	越来越大	116945
yuelaiyueduo	越来越多	229015
yueliang	月亮	223045
yuenan	越南	227465
yuenei	月内	216130
yueqi	乐器	161600
yueshi	越是	137125
yueshu	约束	287935
yuewei	约为	224430
yuexin	月薪	236790
yueyeche	越野车	126663
yueyu	粤语	109140
yuezhan	约占	138575
yuezhi	越职	299999
yuezhi	月至	165225
yufang	预防	500360
yufazhan	与发展	253330
yufou	与否	161210
yufuwu	与服务	115590
yuguanli	与管理	254105
yuguoji	与国际	169090
yuji	预计	500387
yujia	瑜伽	107495
yujian	遇见	139890
yujing	预警	126700
yujingji	与经济	124885
yujishu	与技术	139415
yuju	语句	236230
yukehu	与客户	101565
yukuai	愉快	181390
yukuaide	愉快的	101685
yulan	预览	271595
yulei	鱼类	137579
yulun	舆论	180560
yumen	郁闷	194650
yumi	玉米	401395
yuming	域名	500421
yumingzhuce	域名注册	109415
yundong	运动	500677
yundongyuan	运动员	246570
yunei	域内	165750
yunfei	运费	204580
yunfu	孕妇	202005
yunian	余年	124230
yunin	与您	175285
yunnan	云南	500279
yunnansheng	云南省	199525
yunqi	运气	139760
yunshu	运输	500362
yunsuan	运算	120660
yunxing	运行	500768
yunxinghuanjing	运行环境	500392
yunxingpingtai	运行平台	261535
yunxu	允许	500469
yunying	运营	500275
yunyingshang	运营商	327290
yunyong	运用	500627
yunzhuan	运转	186045
yunzuo	运作	500311
yuqi	与其	500278
yuqi	预期	365310
yuqi	逾期	244240
yuqi	语气	180100
yuqiye	与企业	182170
yuren	与人	194900
yushang	遇上	102195
yushehui	与社会	210550
yushi	于是	500937
yushi	浴室	117125
yushijujin	与时俱进	166180
yushui	雨水	107455
yusuan	预算	449025
yuta	与他	208780
yuwang	欲望	314670
yuwen	语文	301800
yuwo	与我	190830
yuwomen	与我们	207905
yuxian	预先	121265
yuxinxi	与信息	125555
yuyan	语言	500868
yuyanzhonglei	语言种类	105890
yuye	渔业	150180
yuyi	予以	500513
yuyin	语音	328390
yuyingyong	与应用	116355
yuyue	预约	162620
yuyue	愉悦	110420
yuzhi	与之	204005
yuzhong	语种	165235
yuzhongguo	与中国	247515
yuzhou	宇宙	300995
zaiba	再把	102440
zaibei	在被	127200
zaibeijing	在北京	500255
zaibutong	在不同	180080
zaichangshi	再尝试	185430
zaichanpin	在产品	101320
zaici	再次	500577
zaici	在此	500370
zaicijichushang	在此基础上	105305
zaidangdi	在当地	119265
zaidao	再到	129510
zaidi	在地	151650
zaidu	再度	202965
zaidui	在对	265700
zaigao	在高	100290
zaigongsi	在公司	131525
zaigongzuo	在工作	124105
zaiguangzhou	在广州	109220
zaiguoji	在国际	194905
zaiguojia	在国家	140115
zaiguonei	在国内	384165
zaiguoqu	在过去	152865
zaiguowai	在国外	141810
zaihai	灾害	118960
zaihu	在乎	116085
zaijia	在家	286055
zaijia	再加	130820
zaijiali	在家里	109095
zaijian	再见	139080
zaijiang	再将	100100
zaijiashang	再加上	304430
zaijieshou	在接受	152700
zaijingji	在经济	133555
zaijinnian	在今年	149005
zaijinxing	在进行	151600
zaijiuye	再就业	209845
zaikan	再看	124545
zailai	再来	177550
zaimeiyou	在没有	130370
zaina	在那	181220
zainali	在那里	245945
zainali	在哪里	196995
zainan	灾难	160655
zainei	在内	387710
zaini	在你	391060
zainin	在您	142175
zaipei	栽培	159250
zaiqi	在其	343570
zaiqian	在前	132835
zaiqiye	在企业	178040
zaiqu	再去	160865
zaiquanqiu	在全球	168295
zairen	在人	130960
zairiben	在日本	157785
zairu	载入	331400
zaishang	在上	181175
zaishehui	在社会	131000
zaisheng	再生	172515
zaishengchan	在生产	103330
zaishenzhen	在深圳	101715
zaishichang	在市场	197655
zaishiji	在实际	129295
zaishijie	在世界	152480
zaishiyong	在使用	232430
zaishuo	再说	294060
zaita	在他	500285
zaita	在她	219450
zaiti	载体	237470
zaiwai	在外	176980
zaiwangluo	在网络	128490
zaiwangshang	在网上	314465
zaiwangzhan	在网站	139050
zaiwei	在为	129560
zaiweilai	在未来	145850
zaiwo	在我	500279
zaiwoguo	在我国	283560
zaiwomende	在我们的	129470
zaixia	在下	169920
zaixian	在线	501320
zaixian	再现	131895
zaixiang	在想	112025
zaixianggang	在香港	159725
zaixianshijian	在线时间	500633
zaixiao	在校	214990
zaixin	再新	256815
zaixuexiao	在学校	155445
zaiye	再也	191730
zaiyi	在意	125110
zaiyici	再一次	134420
zaiyiding	在一定	116390
zaiyidingchengdushang	在一定程度上	135530
zaiyiqi	在一起	500412
zaiyixie	在一些	148000
zaiyong	再用	194550
zaiyou	再有	123420
zaiyu	在于	500360
zaiyu	在与	204405
zaizhe	在这	500274
zaizhefangmian	在这方面	131300
zaizhege	在这个	500330
zaizheli	在这里	500472
zaizhelide	在这里的	505573
zaizhengge	在整个	144550
zaizhexie	在这些	156610
zaizheyangde	在这样的	152610
zaizhezhong	在这种	190145
zaizhezhongqingkuangxia	在这种情况下	134580
zaizhi	在职	138005
zaizhongguo	在中国	500588
zaiziji	在自己	243845
zaizuo	在做	171380
zangzu	藏族	106845
zanmei	赞美	114910
zanmen	咱们	423235
zanshi	暂时	500254
zanshimeiyou	暂时没有	166640
zanting	暂停	245885
zantong	赞同	203200
zanwu	暂无	500435
zanzhu	赞助	151960
zaocan	早餐	272390
zaocanhou	早餐后	105790
zaochen	早晨	189745
zaocheng	造成	501374
zaochengle	造成了	225310
zaodao	遭到	222930
zaodian	早点	101495
zaofang	造访	139740
zaojia	造价	122060
zaojiu	早就	325360
zaojiu	造就	119045
zaoqi	早期	411285
zaori	早日	126395
zaoshang	早上	370500
zaosheng	噪声	138295
zaoshou	遭受	215575
zaowan	早晚	102365
zaoxing	造型	500267
zaoyi	早已	484805
zaoyin	噪音	153900
zaoyu	遭遇	279625
zaozai	早在	306700
zazhi	杂志	500388
zazhishe	杂志社	104175
zebu	则不	154960
zehui	则会	110305
zeke	则可	112715
zeling	责令	500286
zengda	增大	317800
zengduo	增多	277610
zengfu	增幅	181680
zenggao	增高	103400
zengjia	增加	501387
zengjiadao	增加到	109075
zengjiale	增加了	500265
zengjin	增进	139480
zengqiang	增强	500644
zengqiangle	增强了	163430
zengshou	增收	128350
zengsong	赠送	473365
zengsu	增速	127060
zengtian	增添	102500
zengzhang	增长	500791
zengzhangle	增长了	109055
zengzhanglv	增长率	128170
zengzhi	增值	234285
zengzhishui	增值税	311083
zenme	怎么	501014
zenmeban	怎么办	363590
zenmehui	怎么会	161980
zenmehuishi	怎么回事	112955
zenmele	怎么了	129045
zenmeyang	怎么样	394185
zenmeye	怎么也	106640
zenyang	怎样	500608
zeren	责任	500934
zerenbianji	责任编辑	500327
zerengan	责任感	380622
zerenren	责任人	128255
zerenzhi	责任制	197680
zeshi	则是	500372
zewei	则为	113395
zeyou	则有	101935
zezai	则在	124410
zhadan	炸弹	105055
zhaiquan	债券	1290637
zhaiquan	债权	427988
zhaiquanren	债权人	172843
zhaiwu	债务	703307
zhaiwuren	债务人	118399
zhaiyao	摘要	450760
zhaizi	摘自	155730
zhanchang	战场	175885
zhancheng	站成	100000
zhanchu	展出	207010
zhandao	占到	109170
zhande	站的	320480
zhandi	占地	215805
zhandian	站点	500370
zhandimianji	占地面积	157475
zhandou	战斗	430110
zhandouli	战斗力	118740
zhangai	障碍	426670
zhangcheng	章程	552307
zhangda	长大	145350
zhangde	长得	166290
zhangdekuai	长得快	103115
zhangfu	丈夫	500262
zhangfu	涨幅	204825
zhanghao	账号	500000
zhanghu	账户	328000
zhangjia	涨价	119155
zhangjie	章节	189275
zhanglao	长老	137160
zhangpeng	帐篷	128725
zhangsheng	掌声	133245
zhangwo	掌握	500775
zhangwole	掌握了	144170
zhanhui	展会	490920
zhanju	占据	190995
zhankai	展开	500341
zhanlan	展览	500266
zhanlanhui	展览会	247615
zhanle	占了	112675
zhanle	站了	101050
zhanling	占领	142740
zhanlve	战略	500577
zhannei	站内	352245
zhanqilai	站起来	119800
zhanqu	展区	114595
zhansheng	战胜	146065
zhanshi	展示	500473
zhanshi	战士	354815
zhanshi	战时	238659
zhanshile	展示了	135680
zhanshu	战术	187875
zhantie	粘贴	118960
zhanwei	展位	244510
zhanxian	展现	297955
zhanxinde	崭新的	107130
zhanyi	战役	132295
zhanyong	占用	299580
zhanyou	占有	256500
zhanzai	站在	500369
zhanzhang	站长	500267
zhanzhe	站着	117205
zhanzheng	战争	500302
zhaobiao	招标	1024560
zhaobiaowenjian	招标文件	101105
zhaobudao	找不到	309870
zhaochu	找出	265930
zhaodao	找到	500700
zhaodaole	找到了	303905
zhaoge	找个	159180
zhaogongzuo	找工作	103715
zhaogu	照顾	370115
zhaohu	招呼	114435
zhaohuan	召唤	101020
zhaoji	着急	118535
zhaokai	召开	500536
zhaokaile	召开了	168925
zhaole	找了	149975
zhaoming	照明	246890
zhaomu	招募	122525
zhaopai	招牌	102305
zhaopian	照片	500629
zhaopin	招聘	500506
zhaopinhui	招聘会	104185
zhaopinrenshu	招聘人数	179010
zhaopinxinxi	招聘信息	141935
zhaopinzhiwei	招聘职位	142415
zhaoshang	招商	500258
zhaoshangyinzi	招商引资	230080
zhaosheng	招生	500275
zhaoshou	招收	212500
zhaotoubiao	招投标	124620
zhaowo	找我	118515
zhaoyang	朝阳	198365
zhashi	扎实	197550
zheben	这本	114650
zhebian	这边	152225
zhebu	这不	184865
zhebufen	这部分	127175
zhebushi	这不是	188095
zhecai	这才	211415
zhechang	这场	217635
zheci	这次	500739
zhedian	这点	209490
zheduan	这段	226905
zhedui	这对	273545
zheduiyu	这对于	105275
zheer	这儿	208095
zhefangmian	这方面	104215
zhefangmiande	这方面的	166460
zhefen	这份	261220
zhege	这个	503750
zhegeren	这个人	167480
zhegeshihou	这个时候	229130
zhegeshijie	这个世界	147765
zhegewenti	这个问题	442655
zhehua	这话	167410
zhejia	这家	208030
zhejiang	浙江	500531
zhejiang	这将	105020
zhejiangsheng	浙江省	500281
zhejianshi	这件事	216340
zhejitian	这几天	116695
zhejiu	这就	472500
zhejiuqu	这就去	472500
zhejiushi	这就是	500352
zhejuhua	这句话	266670
zheke	这可	107995
zhekou	折扣	489390
zhekuai	这块	170905
zhekuan	这款	489350
zhelei	这类	500258
zheli	这里	501307
zheliangge	这两个	352965
zheliangzhong	这两种	133565
zhelishi	这里是	176715
zheliyou	这里有	135215
zheme	这么	500751
zhemeduo	这么多	228600
zhemeshuo	这么说	115145
zhemo	折磨	136430
zhencheng	真诚	259560
zhenchengde	真诚的	112950
zhende	真的	500619
zhendehen	真的很	166165
zhendeshi	真的是	172045
zhendong	震动	161315
zhenduan	诊断	500271
zhendui	针对	500789
zhenduixing	针对性	169010
zhengban	正版	226215
zhengce	政策	501119
zhengchang	正常	500841
zhengchangshiyong	正常使用	127585
zhengche	整车	103855
zhengdang	正当	161905
zhengdang	政党	113115
zhengde	正的	178250
zhengde	征得	113160
zhengdi	征地	115260
zhengdun	整顿	180160
zhengduo	争夺	152655
zhengfu	政府	1617499
zhengfu	征服	122555
zhengfubumen	政府部门	173510
zhengfucaigou	政府采购	227610
zhenggai	整改	322845
zhengge	整个	500980
zhenggui	正规	306210
zhenghao	正好	293595
zhenghe	整合	500387
zhengji	征集	189020
zhengji	整机	119945
zhengjian	证件	340080
zhengjie	整洁	116475
zhengjiu	拯救	121215
zhengju	证据	487610
zhengli	整理	500347
zhenglun	争论	180555
zhengmian	正面	290555
zhengming	证明	500700
zhengmingcailiao	证明材料	100245
zhengmingle	证明了	108555
zhengqi	整齐	112060
zhengqi	蒸气	111870
zhengqi	蒸汽	101530
zhengqian	挣钱	101700
zhengqiu	征求	205090
zhengqu	争取	500251
zhengquan	证券	744085
zhengquan	政权	158210
zhengquangongsi	证券公司	117710
zhengquanjiaoyisuo	证券交易所	444378
zhengquanshichang	证券市场	351461
zhengque	正确	500413
zhengquede	正确的	500354
zhengru	正如	310925
zhengshi	正式	500656
zhengshi	正是	500480
zhengshi	证实	347425
zhengshiban	正式版	102605
zhengshou	征收	405635
zhengshu	证书	500465
zhengti	整体	500652
zhengtian	整天	157005
zhengui	珍贵	111630
zhengwen	正文	341060
zhengwu	政务	144555
zhengwugongkai	政务公开	108935
zhengxie	政协	160790
zhengyi	争议	376885
zhengyi	正义	199495
zhengzai	正在	501081
zhengzha	挣扎	142975
zhengzheng	整整	150605
zhengzhi	政治	500598
zhengzhi	整治	301895
zhengzhi	争执	231789
zhengzhibu	政治部	126458
zhengzhou	郑州	430445
zhengzhoushi	郑州市	179090
zhengzhuang	症状	500270
zhenhan	震撼	209260
zhenkong	真空	159100
zhenli	真理	210475
zhenliao	诊疗	107575
zhenqing	真情	142695
zhenren	真人	121700
zhenshi	真是	500467
zhenshide	真实的	310135
zhenshixing	真实性	500275
zhenxi	珍惜	234740
zhenxiang	真相	146435
zhenxin	真心	165560
zhenxing	振兴	194800
zhenzheng	真正	501095
zhenzhu	珍珠	199150
zhepian	这篇	116750
zhepian	这片	102090
zhepianwenzhang	这篇文章	124655
zherang	这让	113475
zhesange	这三个	101355
zheshi	这是	501857
zheshi	这时	500500
zheshi	这事	131440
zheshige	这是个	102005
zheshihou	这时候	248020
zheshiyige	这是一个	395860
zheshiyinwei	这是因为	155265
zheshiyizhong	这是一种	153650
zhetao	这套	153270
zhetian	这天	110695
zhetiao	这条	294220
zhewei	这位	500381
zhexiang	这项	401945
zhexie	这些	502888
zhexiedou	这些都	138545
zhexiedoushi	这些都是	114225
zhexieren	这些人	177120
zhexiewenti	这些问题	197015
zhexue	哲学	500259
zheyang	这样	503115
zheyangcaineng	这样才能	109220
zheyangjiu	这样就	190325
zheyangshuo	这样说	105250
zheyangyige	这样一个	295185
zheyangyilai	这样一来	104530
zheyangzuo	这样做	253360
zheye	这也	319640
zheye	者也	111380
zheyeshi	这也是	415475
zheyi	这一	501254
zheyici	这一次	149005
zheyidian	这一点	496495
zheyiqie	这一切	218030
zheyitian	这一天	123715
zheyiweizhe	这意味着	109800
zheyu	这与	127510
zhezai	这在	180785
zhezhang	这张	163310
zhezhi	这只	243555
zhezhong	这种	502543
zhezhongfangfa	这种方法	131365
zhezhongfangshi	这种方式	106250
zhezhongqingkuang	这种情况	262420
zhezuo	这座	182600
zhian	治安	156845
zhiban	值班	180605
zhibei	制备	138905
zhibeifangfa	制备方法	119675
zhibiao	指标	500413
zhibo	直播	144540
zhibuguo	只不过	223225
zhichang	职场	162025
zhicheng	支撑	477435
zhicheng	职称	291500
zhicheng	制成	181815
zhichi	支持	894755
zhichixia	支持下	155940
zhichu	指出	500592
zhichu	支出	469780
zhici	至此	158850
zhida	之大	102295
zhida	直达	100095
zhidao	知道	501255
zhidao	指导	500827
zhidao	直到	500411
zhidao	之道	192455
zhidaole	知道了	214960
zhidaosixiang	指导思想	205495
zhidaoxia	指导下	198795
zhidaoziji	知道自己	132315
zhide	值得	500319
zhide	指的	444444
zhide	只得	149345
zhideshi	指的是	600319
zhidi	质地	154560
zhidian	指点	129830
zhiding	指定	500388
zhiding	制订	306025
zhiding	制定	306025
zhiding	置顶	138925
zhidingde	指定的	376945
zhidingde	制订的	304800
zhidingde	制定的	254840
zhidong	制动	322143
zhidu	制度	5358541
zhiduhua	制度化	102940
zhidui	支队	102325
zhidujianshe	制度建设	103815
zhiduo	之多	113495
zhifa	执法	1363564
zhifang	脂肪	353585
zhifarenyuan	执法人员	279887
zhifu	支付	500650
zhifu	致富	191380
zhifubao	支付宝	164210
zhigan	质感	117540
zhigong	职工	500573
zhiguan	直观	106580
zhihang	支行	185290
zhihao	只好	438440
zhihou	之后	501765
zhihou	滞后	126600
zhihui	只会	931805
zhihui	智慧	500253
zhihui	指挥	339420
zhihuibu	指挥部	109100
zhihuiguan	指挥官	161861
zhijian	之间	501772
zhijian	只见	336470
zhijie	直接	501807
zhijiezerenrenyuan	直接责任人员	145730
zhijin	至今	500337
zhijing	直径	295170
zhilei	之类	404315
zhili	治理	495460
zhili	智力	267470
zhiliang	质量	501365
zhiliangguanli	质量管理	239215
zhiliangjiandu	质量监督	103045
zhiliangwenti	质量问题	140585
zhiliao	治疗	500818
zhiling	指令	357060
zhiliu	直流	106065
zhiliyu	致力于	375500
zhilu	之路	298910
zhilv	之旅	208330
zhiming	知名	318515
zhimingde	知名的	122660
zhimingdu	知名度	229305
zhinan	指南	366480
zhinei	之内	338655
zhinei	支内	118000
zhineng	只能	500749
zhinengbumen	职能部门	107475
zhinenghua	智能化	151605
zhinengzai	只能在	125060
zhipei	支配	118135
zhipin	制品	357395
zhiqian	之前	500833
zhiqiande	之前的	139735
zhiquan	职权	226608
zhishao	至少	500485
zhishaoyou	至少有	116415
zhishengxia	只剩下	114515
zhishi	只是	901362
zhishi	知识	309969
zhishi	指示	298860
zhishi	致使	284405
zhishi	指使	235210
zhishi	之时	100000
zhishichanquan	知识产权	409500
zhishide	知识的	385985
zhishifenzi	知识分子	149510
zhishiyige	只是一个	122275
zhishizai	只是在	124730
zhishu	指数	500411
zhishu	直属	162770
zhisuo	之所	147555
zhisuoyi	之所以	398625
zhiting	只听	112760
zhiwai	之外	500418
zhiwei	只为	996550
zhiwu	职务	500347
zhiwu	植物	500322
zhiwu	织物	101545
zhixia	之下	498085
zhixian	直线	197325
zhixiang	只想	307905
zhixiang	指向	201345
zhixiao	直销	283340
zhixiashi	直辖市	500314
zhixing	执行	549104
zhixingqingkuang	执行情况	101660
zhixingshijian	执行时间	500383
zhixu	只需	500251
zhixu	秩序	384085
zhixuyao	只需要	158895
zhiyao	只要	500973
zhiyao	制药	118075
zhiyaoni	只要你	183150
zhiyaoshi	只要是	109500
zhiyaoyou	只要有	127410
zhiye	职业	500734
zhiye	执业	249860
zhiyebing	职业病	101685
zhiyedaode	职业道德	183075
zhiyejiaoyu	职业教育	270340
zhiyejineng	职业技能	128560
zhiyejingliren	职业经理人	103400
zhiyejishuxueyuan	职业技术学院	152185
zhiyepeixun	职业培训	101050
zhiyezige	职业资格	171245
zhiyezige	执业资格	143615
zhiyi	之一	501301
zhiyi	质疑	141440
zhiyin	指引	100690
zhiyong	只用	134995
zhiyou	只有	501782
zhiyouyidian	只有一点	180000
zhiyouyige	只有一个	186390
zhiyouzai	只有在	195380
zhiyu	至于	500337
zhiyu	置于	158595
zhiyu	治愈	110720
zhiyuan	只愿	313390
zhiyuan	志愿	243815
zhiyuan	支援	176545
zhiyuan	职员	137105
zhiyuanzhe	志愿者	296005
zhiyue	制约	298495
zhizai	只在	168195
zhizao	制造	500579
zhizaoshang	制造商	235580
zhizaoye	制造业	367240
zhize	职责	500352
zhize	指责	134430
zhizhang	纸张	127305
zhizhe	指着	148045
zhizhen	指针	121670
zhizheng	执政	171015
zhizhi	直至	300865
zhizhi	制止	184740
zhizhong	之中	500575
zhizhuo	执着	186365
zhizuo	制作	500999
zhizuo	之作	110480
zhizuode	制作的	229665
zhongbu	中部	160005
zhongcai	仲裁	168900
zhongcheng	忠诚	193595
zhongda	重大	500407
zhongdade	重大的	138865
zhongdawenti	重大问题	118590
zhongdedao	中得到	101385
zhongdeng	中等	178665
zhongdian	重点	500988
zhongdian	终点	101425
zhongdianshi	重点是	100985
zhongdianzhan	终点站	121075
zhongdong	中东	118095
zhongdu	中毒	165690
zhongduan	终端	404330
zhongduan	中断	247280
zhongduo	众多	500365
zhongduode	众多的	178160
zhongfang	中方	158955
zhonggong	中共	338800
zhonggongzhongyang	中共中央	203320
zhongguancun	中关村	187850
zhongguo	中国	505879
zhongguodalu	中国大陆	135715
zhongguodianxin	中国电信	131610
zhongguodui	中国队	128550
zhongguogongchandang	中国共产党	285855
zhongguogudai	中国古代	101230
zhongguoguoji	中国国际	187040
zhongguojingji	中国经济	174060
zhongguokexueyuan	中国科学院	119965
zhongguoqiye	中国企业	234450
zhongguoren	中国人	451625
zhongguorenmin	中国人民	186195
zhongguoshichang	中国市场	154095
zhongguowenhua	中国文化	104035
zhongguoyidong	中国移动	133640
zhongguoyinhang	中国银行	120440
zhongguozhengfu	中国政府	164930
zhonghua	中华	500286
zhonghuaminzu	中华民族	258585
zhonghuarenmingongheguo	中华人民共和国	500703
zhongji	终极	104440
zhongji	中级	102590
zhongjian	中间	500395
zhongjiang	中奖	106960
zhongjie	中介	359425
zhongjie	终结	112190
zhongjiejigou	中介机构	129295
zhongjihuiyuan	中级会员	133010
zhongjirenminfayuan	中级人民法院	179825
zhonglai	中来	112785
zhonglei	种类	500264
zhongliang	重量	500313
zhongliu	肿瘤	292970
zhonglu	中路	221970
zhongmei	中美	100790
zhongnian	中年	124070
zhongqi	中期	241255
zhongqu	中去	218055
zhongren	众人	424210
zhongshan	中山	243690
zhongshen	终身	183345
zhongsheng	众生	234840
zhongsheng	终生	103590
zhongshi	重视	500488
zhongshi	忠实	103435
zhongshuo	中说	100460
zhongsuozhouzhi	众所周知	118915
zhongtu	中途	101575
zhongwai	中外	210475
zhongwen	中文	500490
zhongwenban	中文版	148025
zhongwu	中午	327165
zhongxiao	中小	211675
zhongxiaoqiye	中小企业	473725
zhongxiaoxue	中小学	343235
zhongxin	中心	501690
zhongxin	重心	127555
zhongxing	中性	105410
zhongxing	中型	103845
zhongxue	中学	500373
zhongxuesheng	中学生	148130
zhongxun	中旬	185335
zhongyang	中央	500548
zhongyangdianshitai	中央电视台	149285
zhongyangjunwei	中央军委	126643
zhongyao	重要	500940
zhongyao	中药	312230
zhongyaode	重要的	500587
zhongyaojianghua	重要讲话	106995
zhongyaoneirong	重要内容	157290
zhongyaosixiang	重要思想	431010
zhongyaoxing	重要性	363870
zhongyaoyiyi	重要意义	113535
zhongyaozucheng	重要组成	172020
zhongyaozuoyong	重要作用	171905
zhongyi	中医	394515
zhongyiyao	中医药	171315
zhongyou	中有	500297
zhongyu	终于	500712
zhongyuan	中原	208410
zhongzhi	种植	416330
zhongzhi	终止	392595
zhongzhi	中止	109555
zhongzhong	种种	403700
zhongzi	种子	500257
zhongzu	种族	140890
zhoubian	周边	366875
zhoucheng	轴承	208670
zhoudao	周到	112420
zhouenlai	周恩来	103930
zhoujielun	周杰伦	124795
zhoukan	周刊	117990
zhouliu	周六	195610
zhoumo	周末	296500
zhounian	周年	234440
zhouqi	周期	370850
zhouri	周日	185070
zhousi	周四	103615
zhousui	周岁	270700
zhouwei	周围	500385
zhouwen	皱纹	108700
zhouwu	周五	194335
zhouyi	周一	241735
zhuahao	抓好	500258
zhuajin	抓紧	142680
zhuanbian	转变	500306
zhuanchang	专长	114515
zhuandao	转到	369210
zhuandong	转动	130435
zhuanfa	转发	163030
zhuangbei	装备	500442
zhuangda	壮大	196905
zhuangkuang	状况	500560
zhuangpei	装配	113965
zhuangshi	装饰	500298
zhuangtai	状态	503366
zhuangtaixia	状态下	141995
zhuangui	专柜	103655
zhuangxiu	装修	500409
zhuangzhi	装置	500348
zhuanhua	转化	281820
zhuanhuan	转换	500264
zhuanhuawei	转化为	194765
zhuanji	专辑	100286
zhuanjia	专家	501097
zhuanjiazu	专家组	116190
zhuanke	专科	419030
zhuanlan	专栏	186100
zhuanli	专利	1187911
zhuanmai	专卖	110225
zhuanmaidian	专卖店	228025
zhuanmen	专门	500506
zhuanqian	赚钱	357380
zhuanqu	专区	268960
zhuanrang	转让	500380
zhuanren	专人	156350
zhuanru	转入	165730
zhuanshen	转身	254835
zhuansu	转速	116955
zhuanti	专题	500338
zhuantie	转贴	213320
zhuantie	转帖	147050
zhuanwei	转为	148745
zhuanwei	专为	125560
zhuanxian	专线	174030
zhuanxiang	转向	342840
zhuanxiang	专项	263770
zhuanxiangzijin	专项资金	115300
zhuanxie	撰写	231950
zhuanxing	转型	227110
zhuanye	专业	502544
zhuanyecongshi	专业从事	131345
zhuanyehua	专业化	265190
zhuanyejishu	专业技术	232515
zhuanyejishurenyuan	专业技术人员	160385
zhuanyerenshi	专业人士	110195
zhuanyerenyuan	专业人员	132275
zhuanyeshengchan	专业生产	212710
zhuanyeweiyuanhui	专业委员会	102510
zhuanyexing	专业性	102960
zhuanyezhishi	专业知识	160960
zhuanyi	转移	500291
zhuanyidao	转移到	111805
zhuanyong	专用	500410
zhuanzai	转载	500541
zhuanzaiqingzhuming	转载请注明	111700
zhuanzhi	专职	202630
zhuanzhu	专注	106970
zhuanzhu	专著	103160
zhuanzi	转自	123545
zhuazhu	抓住	432300
zhuban	主办	500255
zhuban	主板	490150
zhubandanwei	主办单位	234600
zhubao	珠宝	183020
zhubian	主编	300255
zhubu	逐步	500373
zhuce	注册	506752
zhucebiao	注册表	252115
zhucehuiyuan	注册会员	432225
zhucema	注册码	245765
zhuceshangbiao	注册商标	214592
zhuceshijian	注册时间	501062
zhuceyonghu	注册用户	310070
zhuceziben	注册资本	206960
zhucezijin	注册资金	174625
zhuchang	主场	111170
zhuchi	主持	500303
zhuchiren	主持人	475590
zhucun	贮存	105680
zhudao	主导	244220
zhuding	注定	125945
zhudong	主动	500453
zhudongxing	主动性	104595
zhuduo	诸多	275670
zhufang	住房	500297
zhufanggongjijin	住房公积金	177480
zhufu	祝福	382770
zhuguan	主管	500317
zhuguan	主观	182690
zhuguanbumen	主管部门	500482
zhuguanrenyuan	主管人员	133240
zhuhai	珠海	255525
zhuhe	祝贺	150225
zhuijiu	追究	227040
zhuiqiu	追求	500504
zhuizhu	追逐	115675
zhuizong	追踪	132325
zhuji	主机	500279
zhujian	逐渐	500389
zhujiang	主讲	132870
zhujue	主角	242730
zhuli	助理	300095
zhuli	主力	259030
zhuliu	主流	405520
zhuming	著名	500285
zhuming	注明	500255
zhumingde	著名的	494175
zhunbei	准备	500923
zhunbeigongzuo	准备工作	155330
zhunian	逐年	133030
zhunque	准确	500479
zhunquexing	准确性	295080
zhunyu	准予	100050
zhunze	准则	207430
zhuoli	着力	208765
zhuomian	桌面	285605
zhuoshang	桌上	149315
zhuoshou	着手	149040
zhuoyue	卓越	171120
zhuoyuede	卓越的	107985
zhuozhong	着重	146225
zhuozi	桌子	151790
zhuren	主人	500256
zhurou	猪肉	122765
zhuru	注入	229850
zhushe	注射	189910
zhushi	注释	184410
zhushou	助手	152070
zhusu	住宿	351845
zhusuo	住所	144265
zhuti	主题	501909
zhuti	主体	500389
zhuxi	主席	478947
zhuxiao	注销	190060
zhuxue	助学	110415
zhuyan	主演	328055
zhuyao	主要	502167
zhuyaobaokuo	主要包括	192785
zhuyaochanpin	主要产品	173360
zhuyaofuzeren	主要负责人	111585
zhuyaolingdao	主要领导	105455
zhuyaoneirong	主要内容	288175
zhuyaorenwu	主要任务	112320
zhuyaoshi	主要是	500434
zhuyaoyongyu	主要用于	152045
zhuyaoyou	主要有	347830
zhuyaoyuanyin	主要原因	157605
zhuye	主页	475205
zhuyi	注意	501084
zhuyi	主意	126295
zhuyidao	注意到	200125
zhuyili	注意力	190345
zhuying	主营	223015
zhuyingchanpin	主营产品	207710
zhuyingyewu	主营业务	110880
zhuyishixiang	注意事项	380710
zhuyuan	住院	196185
zhuzai	住在	249730
zhuzao	铸造	119430
zhuzhai	住宅	500314
zhuzhang	主张	427065
zhuzhong	注重	500348
zhuzuo	著作	232950
zhuzuoquan	著作权	165695
ziben	资本	500278
zibenshichang	资本市场	142255
zibenzhuyi	资本主义	143160
zichan	资产	500472
zichanpinggu	资产评估	100375
zicong	自从	294920
zidai	自带	149840
zidan	子弹	118195
zidingyi	自定义	229345
zidong	自动	500838
zidonghua	自动化	398260
ziduan	字段	179325
zifei	资费	118815
zifei	自费	108725
zifu	字符	339880
zifu	自负	108650
zifuchuan	字符串	395499
zige	资格	500467
zigezhengshu	资格证书	132570
zigong	子宫	144165
zigongsi	子公司	191430
ziji	自己	507135
zijie	字节	418790
zijigan	自己干	102135
zijin	资金	500965
zijue	自觉	361755
zijuede	自觉地	103875
zikao	自考	148470
zilei	子类	129011
zili	自理	131995
ziliao	资料	501691
zilv	自律	126375
zimu	字母	189510
zimu	字幕	141170
zinv	子女	443325
ziran	自然	500922
ziranbaohuqu	自然保护区	132140
zirande	自然的	231205
zirankexue	自然科学	108670
ziranshi	自然是	100465
zirun	滋润	158595
zise	紫色	148255
zisha	自杀	185765
zishen	自身	500422
zishen	资深	228905
zishende	自身的	488150
zishi	姿势	221110
zishu	字数	238120
zitai	姿态	178405
ziti	字体	500339
ziwei	滋味	173920
ziwo	自我	500367
zixi	仔细	375885
zixin	自信	352670
zixing	自行	500432
zixingche	自行车	221575
zixiyuedu	仔细阅读	111915
zixue	自学	143020
zixun	咨询	500944
zixun	资讯	500286
zixundianhua	咨询电话	275820
zixunfuwu	咨询服务	138495
ziyou	自由	500559
ziyou	自有	132265
ziyoude	自由的	194215
ziyuan	资源	801625
ziyuan	自愿	259950
zizai	自在	109050
zizhi	资质	410185
zizhi	自治	119975
zizhi	自制	102805
zizhiqu	自治区	500448
zizhu	自主	352835
zizhu	资助	318340
zizhu	自助	174650
zizhuchuangxin	自主创新	164335
zongan	总按	100000
zongbanzhu	总版主	138635
zongbu	总部	475875
zongcai	总裁	298245
zongde	总的	111800
zonge	总额	312385
zongfen	总分	124930
zonggong	总共	164690
zonggongsi	总公司	256905
zonghe	综合	500875
zongheng	纵横	151610
zonghesuzhi	综合素质	139000
zonghexing	综合性	266895
zonghui	总会	182250
zongji	总计	335775
zongjian	总监	174750
zongjiao	宗教	373445
zongjie	总结	500428
zongjingli	总经理	500276
zongju	总局	105735
zongli	总理	154425
zongliang	总量	399390
zongmianji	总面积	145640
zongshi	总是	500611
zongshu	总数	500364
zongsuan	总算	121980
zongti	总体	500274
zongtong	总统	253515
zongtouzi	总投资	180065
zongxian	总线	145105
zongxian	总嫌	100000
zongyou	总有	152030
zongzai	总在	204960
zongze	总则	169525
zongzhi	总之	385960
zouchu	走出	385770
zouchuqu	走出去	100315
zoudao	走到	448435
zouguo	走过	236440
zoujin	走进	416940
zoulang	走廊	109695
zoule	走了	500263
zoulu	走路	155340
zouqu	走去	162985
zoushang	走上	169195
zoushi	走势	250660
zouxiang	走向	500281
zouzai	走在	211510
zuai	阻碍	196125
zuanshi	钻石	266685
zucheng	组成	500712
zuchengbufen	组成部分	130185
zude	组的	224710
zufang	租房	500281
zugou	足够	492845
zuguo	祖国	263080
zuhe	组合	500417
zuiai	最爱	179640
zuiba	嘴巴	121390
zuichang	最长	174960
zuichu	最初	352770
zuichun	嘴唇	146700
zuida	最大	501238
zuidahua	最大化	119835
zuidaxiandu	最大限度	214205
zuidi	最低	500274
zuiduan	最短	119435
zuiduo	最多	500358
zuigao	最高	500633
zuigaorenminfayuan	最高人民法院	126045
zuihao	最好	500810
zuihaoshi	最好是	130355
zuihou	最后	502266
zuihoudenglu	最后登录	140570
zuihoufabiao	最后发表	343715
zuihougengxin	最后更新	195795
zuihouyige	最后一个	139935
zuijia	最佳	500470
zuijiao	嘴角	107235
zuijiben	最基本	177100
zuijin	最近	500665
zuiju	最具	211185
zuikuai	最快	327870
zuili	嘴里	218380
zuimei	最美	134865
zuiqiang	最强	181530
zuishao	最少	167970
zuishihe	最适合	107450
zuiwei	最为	500265
zuixianjin	最先进	124605
zuixiao	最小	320285
zuixihuande	最喜欢的	136035
zuixin	最新	501147
zuixinban	最新版	118430
zuiyou	最有	215645
zuiyouxiao	最有效	108485
zuizao	最早	348850
zuizhong	最终	500627
zuizhongyao	最重要	214385
zuizhongyaode	最重要的	457585
zuizhuyaode	最主要的	128270
zujian	组建	335100
zujian	组件	331720
zujin	租金	257695
zuli	阻力	143400
zulin	租赁	500371
zunjing	尊敬	227350
zunshou	遵守	500375
zunxun	遵循	312080
zunyan	尊严	141100
zunzhong	尊重	500359
zuoai	做爱	167885
zuobi	作弊	126905
zuobian	左边	132640
zuobiao	坐标	114930
zuoce	左侧	172630
zuocheng	做成	195045
zuochu	做出	500456
zuochule	做出了	181135
zuodao	做到	500501
zuodaole	做到了	102130
zuode	做的	500375
zuode	做得	233185
zuofa	做法	500367
zuofan	做饭	103395
zuofeng	作风	250705
zuoge	做个	170330
zuogong	做工	119870
zuoguo	做过	211635
zuohao	做好	500688
zuojia	作家	338505
zuole	做了	500398
zuole	坐了	100860
zuopin	作品	501198
zuoqi	做起	129985
zuoren	做人	182380
zuori	昨日	500267
zuoshenme	做什么	179310
zuoshi	做事	240405
zuoshou	左手	191815
zuotan	座谈	130180
zuotanhui	座谈会	174645
zuotian	昨天	500375
zuowei	作为	502525
zuowei	座位	169380
zuoweiyige	作为一个	319905
zuowen	作文	262255
zuowu	作物	134210
zuoxia	坐下	139645
zuoye	作业	500344
zuoyi	座椅	175015
zuoyige	做一个	192010
zuoyong	作用	501594
zuoyou	左右	501122
zuoyoude	左右的	314135
zuozai	坐在	500324
zuozai	做在	156500
zuozhan	作战	295500
zuozhe	作者	503455
zuozhe	坐着	145710
zuqiu	足球	331025
zutuan	组团	101155
zuweihui	组委会	229965
zuyi	足以	300675
zuyong	租用	156185
zuzhang	组长	237655
zuzhi	组织	502372
zuzhi	阻止	266260
zuzhibu	组织部	102565
zuzhijigou	组织机构	132575
zuzhikaizhan	组织开展	104045
zuzhishishi	组织实施	193475
zuzhuang	组装	114010
